{
    "cat-blocks/@info-watch": "“觀察鼠標光標”設置可能會影響編輯器打開時的性能。",
    "cat-blocks/@name": "貓積木",
    "cat-blocks/@settings-name-watch": "注視游標",
    "editor-devtools/@description": "向編輯器添加新的列表選項：複製 / 貼上、更好地清理等！",
    "editor-devtools/@name": "開發者工具",
    "editor-devtools/@settings-name-enableCleanUpPlus": "增強的「整理積木」功能",
    "editor-devtools/@settings-name-enablePasteBlocksAtMouse": "在游標停駐處貼上積木",
    "find-bar/@description": "讓你快速找到程式、造型、音效的查找工具。在你開始查找後，你還可以在程式編輯區裡用 Ctrl+向左鍵、Ctrl+向右鍵來找到上一個、下一個所要查找的內容。",
    "find-bar/@info-developer-tools": "這個擴充功能之前是在「開發工具」裡，現在移至這兒了！",
    "find-bar/@name": "查找程式功能",
    "middle-click-popup/@info-developer-tools": "此插件以前是“開發人員工具”插件的一部分，但已移至此處。",
    "middle-click-popup/@name": "編輯積木的名字",
    "jump-to-def/@description": "讓你能用滑鼠中鍵或是 Shift+左鍵來快速找到函式的定義。",
    "jump-to-def/@info-developer-tools": "這個擴充功能之前是在「開發工具」裡，現在移至這兒了！",
    "jump-to-def/@name": "移至函式定義積木",
    "data-category-tweaks-v2/@description": "讓積木類別中的資料（變量、清單）有更好的分類。",
    "data-category-tweaks-v2/@name": "更好的資料分類",
    "data-category-tweaks-v2/@settings-name-moveReportersDown": "將積木移動到創建資料的上方",
    "data-category-tweaks-v2/@settings-name-separateListCategory": "單獨將清單分類",
    "data-category-tweaks-v2/@settings-name-separateLocalVariables": "把適用於當前角色的資料分類",
    "block-palette-icons/@description": "除了以顏色分類積木，在裡面加上類別圖示。",
    "block-palette-icons/@name": "積木分類圖示",
    "hide-flyout/@info-hoverExplanation": "「懸停在工具箱上」模式可能會在你拖曳編輯區上的積木時不小心移除，如果你怕出事，可以先試試其它模式。",
    "hide-flyout/@name": "自動隱藏程式工具箱",
    "hide-flyout/@settings-name-speed": "動畫速度",
    "hide-flyout/@settings-name-toggle": "觸發條件",
    "hide-flyout/@settings-select-speed-default": "預設",
    "hide-flyout/@settings-select-speed-long": "慢",
    "hide-flyout/@settings-select-speed-none": "立即",
    "hide-flyout/@settings-select-speed-short": "快速",
    "hide-flyout/@settings-select-toggle-category": "點擊類別時",
    "hide-flyout/@settings-select-toggle-cathover": "懸停在類別上",
    "hide-flyout/@settings-select-toggle-hover": "懸停在工具箱上",
    "mediarecorder/@description": "在程式編輯頁上的工具列添加一個「開始錄影」的功能，讓你可以將專案運行的過程錄製下來。",
    "mediarecorder/@name": "專案視頻錄製",
    "drag-drop/@description": "讓你可以把檔案直接拖入角色面板區然後直接上傳，當然，你還能將文字文件拖曳到文字輸入框裡。",
    "drag-drop/@name": "拖曳檔案上傳",
    "drag-drop/@settings-name-use-hd-upload": "使用高清圖片上傳",
    "debugger/@name": "偵錯器",
    "debugger/@settings-name-log_broadcasts": "記錄廣播訊息",
    "debugger/@settings-name-log_clear_greenflag": "當綠旗被點擊後清除紀錄",
    "debugger/@settings-name-log_clone_create": "記錄分身創建",
    "debugger/@settings-name-log_greenflag": "記錄綠旗點擊",
    "pause/@name": "編譯器暫停按鈕",
    "mute-project/@description": "在你點擊綠旗時同時按住 Ctrl 鍵可以切換靜音模式。",
    "mute-project/@info-macOS": "在 macOS 上，用 Cmd 鍵代替 Ctrl 鍵。",
    "mute-project/@name": "專案播放時靜音",
    "vol-slider/@description": "在綠旗控制項旁添加一個可以調整音量的控制桿。",
    "vol-slider/@name": "專案音量控制桿",
    "vol-slider/@settings-name-defVol": "預設音量",
    "clones/@description": "在舞台上方添加一個計數器，顯示當前建立的分身數量。",
    "clones/@name": "分身計數器",
    "clones/@settings-name-showicononly": "只顯示圖標",
    "mouse-pos/@description": "當鼠標在舞台上移動時，顯示所停駐的座標位置。",
    "color-picker/@description": "在選色器裡添加一個可以直接輸入十六進制色碼的欄位。",
    "color-picker/@name": "代碼選色器",
    "remove-sprite-confirm/@description": "當你刪除專案的某個角色前，顯示一個確認的詢問視窗。",
    "remove-sprite-confirm/@name": "角色刪除確認",
    "block-count/@description": "在編輯器的工具列上顯示目前專案已使用的程式積木數量。這個擴充功能是之前「角色與程式計數」的一部分。",
    "block-count/@name": "程式積木計數",
    "onion-skinning/@description": "當編輯造型時，以半透明的方式顯示上一個或下一個造型，有助於製作動畫。在編輯器下方縮放控制旁有額外的控制按鈕。",
    "onion-skinning/@name": "動畫描圖紙",
    "onion-skinning/@settings-name-afterTint": "下個造型要染的顏色",
    "onion-skinning/@settings-name-beforeTint": "上個造型要染的顏色",
    "onion-skinning/@settings-name-default": "預設啟用",
    "onion-skinning/@settings-name-layering": "預設圖層排列",
    "onion-skinning/@settings-name-mode": "預設顯示模式",
    "onion-skinning/@settings-name-next": "預設顯示下個造型",
    "onion-skinning/@settings-name-opacity": "透明度（%）",
    "onion-skinning/@settings-name-opacityStep": "透明漸進（%）",
    "onion-skinning/@settings-name-previous": "預設顯示上個造型",
    "onion-skinning/@settings-select-layering-behind": "在後面",
    "onion-skinning/@settings-select-layering-front": "在前面",
    "onion-skinning/@settings-select-mode-merge": "合併",
    "onion-skinning/@settings-select-mode-tint": "染色",
    "paint-snap/@settings-name-pageAxes": "對齊頁面 x 位置和 y 位置軸",
    "paint-snap/@settings-name-pageCenter": "去中心",
    "paint-snap/@settings-name-pageCorners": "轉到屏幕角落",
    "paint-snap/@settings-name-threshold": "改變的距離",
    "default-costume-editor-color/@description": "變更在造型編輯器上填滿與外框的預選色彩，以及線條的預設寬度。",
    "default-costume-editor-color/@name": "自訂造型編輯器上工具預設值",
    "default-costume-editor-color/@settings-name-fill": "填滿的預設色彩",
    "default-costume-editor-color/@settings-name-persistence": "切換工具後使用上一個顏色而非預設顏色",
    "default-costume-editor-color/@settings-name-stroke": "外框的預設色彩",
    "default-costume-editor-color/@settings-name-strokeSize": "外框的預設寬度",
    "bitmap-copy/@description": "允許你直接複製繪圖編輯器上的點陣圖，然後貼到其它的網站或是軟體上。",
    "bitmap-copy/@info-norightclick": "不支援「滑鼠右鍵 → 複製」的方式，請使用 Ctrl + C 的快速鍵。",
    "bitmap-copy/@name": "點陣圖像複製功能",
    "2d-color-picker/@description": "用二維選色器取代編輯器中的彩度與亮度控制桿。在拖曳游標的同時按住 Shift 鍵可以只調整直向或橫向的值。",
    "2d-color-picker/@name": "二維選色器",
    "better-img-uploads/@description": "在「上傳造型」按鈕的上方添加一個按鈕，可以將上傳的點陣圖自動轉換成向量圖（SVG），以避免丟失質量。",
    "better-img-uploads/@info-notSuitableEdit": "如果你在上傳圖片還需要編輯，請不要使用高清圖片上傳功能。",
    "better-img-uploads/@name": "高清圖片上傳",
    "better-img-uploads/@settings-name-fitting": "圖像尺寸",
    "better-img-uploads/@settings-select-fitting-full": "原始尺寸",
    "pick-colors-from-stage/@description": "允許造型或背景編輯器上的揀色工具能夠挑選舞台視窗裡的顏色。",
    "pick-colors-from-stage/@name": "揀色工具能選到舞台裡的色彩",
    "custom-block-shape/@description": "調整積木內邊距、圓角、缺口高度。",
    "custom-block-shape/@info-paddingWarning": "這些設置的效果只有你才看得到，如果是其它使用者觀看你的程式時，可能會有程式重疊的問題。",
    "custom-block-shape/@name": "自訂程式積木外形",
    "custom-block-shape/@preset-description-default2": "與 Scratch 2.0 相似的積木外觀",
    "custom-block-shape/@preset-description-default3": "Scratch 3.0 版所顯示的積木形狀",
    "custom-block-shape/@preset-description-flat2": "把 Scratch 2.0 的積木去除圓角與缺口",
    "custom-block-shape/@preset-description-flat3": "把 Scratch 3.0 的積木去除圓角與缺口",
    "custom-block-shape/@preset-name-default2": "2.0 積木外形",
    "custom-block-shape/@preset-name-default3": "3.0 積木外形",
    "custom-block-shape/@preset-name-flat2": "2.0 積木扁平化",
    "custom-block-shape/@preset-name-flat3": "3.0 積木扁平化",
    "custom-block-shape/@settings-name-cornerSize": "圓角率（0-300%）",
    "custom-block-shape/@settings-name-notchSize": "缺口高度（0-150%）",
    "custom-block-shape/@settings-name-paddingSize": "內邊距（50-200%）",
    "zebra-striping/@description": "讓控制類程式在巢狀化的時候，能夠替換裡面程式的積木顏色，這樣會比較好辨識（這種高亮語法的方式叫 zebra striping）。",
    "zebra-striping/@name": "替換巢狀程式顏色",
    "zebra-striping/@settings-name-intensity": "程式（0-100%）",
    "zebra-striping/@settings-name-shade": "陰影",
    "zebra-striping/@settings-select-shade-darker": "變暗",
    "zebra-striping/@settings-select-shade-lighter": "變亮",
    "editor-theme3/@description": "修改編輯器上每種積木的色彩。",
    "editor-theme3/@name": "自訂積木色彩",
    "editor-theme3/@preset-description-original": "修改成與 Scratch 2.0 版一樣的積木顔色",
    "editor-theme3/@preset-name-black": "黑色",
    "editor-theme3/@settings-name-Pen-color": "擴充功能",
    "editor-theme3/@settings-name-comment-color": "註解",
    "editor-theme3/@settings-name-control-color": "控制",
    "editor-theme3/@settings-name-custom-color": "函式積木",
    "editor-theme3/@settings-name-data-color": "變數",
    "editor-theme3/@settings-name-data-lists-color": "清單",
    "editor-theme3/@settings-name-events-color": "事件",
    "editor-theme3/@settings-name-input-color": "函式積木輸入欄位",
    "editor-theme3/@settings-name-looks-color": "外觀",
    "editor-theme3/@settings-name-motion-color": "動作",
    "editor-theme3/@settings-name-operators-color": "運算",
    "editor-theme3/@settings-name-sensing-color": "偵測",
    "editor-theme3/@settings-name-sounds-color": "音效",
    "editor-theme3/@settings-name-text": "文字顔色",
    "editor-theme3/@settings-select-text-black": "黑色",
    "editor-theme3/@settings-select-text-colorOnBlack": "為文字著色，背景改成黑色",
    "editor-theme3/@settings-select-text-colorOnWhite": "為文字著色，背景改成白色",
    "editor-theme3/@settings-select-text-white": "白色",
    "custom-block-text/@name": "自訂積木文字樣式",
    "custom-block-text/@settings-name-bold": "粗體字",
    "custom-block-text/@settings-name-shadow": "文字加陰影",
    "editor-colored-context-menus/@description": "在程式積木上點擊右鍵會開啟選單，讓開啟的選單有和積木相同的背景顏色。",
    "editor-colored-context-menus/@name": "讓右鍵選單有顏色",
    "editor-stage-left/@description": "將舞台區移動到編輯器畫面的左側，就像 Scratch 2.0 那樣。",
    "editor-stage-left/@info-reverseOrder": "如果要修改專案預覽視窗上的按鈕位置，可以使用另一個擴充功能 - 「對調專案控制項工具的順序」。",
    "editor-stage-left/@name": "將舞台顯示在編輯器左側",
    "editor-buttons-reverse-order/@description": "在專案預覽視窗的上方有些按鈕，把右邊的綠旗與停止按鈕，與左邊的顯示模式按鈕對調顯示順序，就像 Scratch 2.0 那樣。",
    "editor-buttons-reverse-order/@name": "對調專案控制項工具的順序",
    "variable-manager/@description": "在編輯器的音效頁籤右側添加一個變量與清單的頁籤，讓你更方便的管理它們。",
    "variable-manager/@name": "變數管理器",
    "search-sprites/@description": "在角色面板添加一個搜尋欄位，用來查找以名稱查找角色。",
    "sprite-properties/@settings-name-transitionDuration": "動畫速度",
    "sprite-properties/@settings-select-transitionDuration-long": "顯示",
    "sprite-properties/@settings-select-transitionDuration-short": "快",
    "gamepad/@description": "用 USB 或藍芽控制器（遊戲手柄）與專案互動。",
    "gamepad/@name": "遊戲手柄支持",
    "gamepad/@settings-name-hide": "當未偵測到遊戲手柄時隱藏設置按鈕。",
    "editor-sounds/@description": "在你貼合或刪除積木的時候發出音效。",
    "editor-sounds/@name": "編輯器音效",
    "folders/@description": "將文件夾添加到角色面板，造型和音效清單上也可以。要創建資料夾，請在任何物件上點擊右鍵，使用選單中「創建資料夾」功能。建立後，點擊資料夾可以開啟或是關閉它。在其它物件上點右鍵可以指定放進哪個資料夾，也可以用拖曳的方式。",
    "folders/@info-notice-folders-are-public": "啟用這個功能後，只有你自己看得到資料夾，其他用戶是看不到的。",
    "folders/@name": "角色資料夾",
    "block-switching/@description": "在編輯區上用滑鼠右鍵點擊積木，就能選擇相關的積木進行切換。",
    "block-switching/@name": "程式積木切換",
    "block-switching/@settings-name-control": "控制類積木",
    "block-switching/@settings-name-data": "資料類積木",
    "block-switching/@settings-name-event": "事件類積木",
    "block-switching/@settings-name-extension": "擴展類積木",
    "block-switching/@settings-name-looks": "外觀類積木",
    "block-switching/@settings-name-motion": "動作類積木",
    "block-switching/@settings-name-noop": "能切換的積木中包含自己",
    "block-switching/@settings-name-operator": "運算類積木",
    "block-switching/@settings-name-sensing": "偵測類積木",
    "block-switching/@settings-name-sound": "音效類積木",
    "load-extensions/@description": "在新建專案時自動添加音樂、畫筆或其它的擴展到編輯器上。",
    "load-extensions/@name": "自動添加擴展應用",
    "load-extensions/@settings-name-music": "音樂",
    "load-extensions/@settings-name-pen": "畫筆",
    "load-extensions/@settings-name-text2speech": "文字轉語音",
    "load-extensions/@settings-name-translate": "翻譯",
    "custom-zoom/@description": "自訂縮小、放大的閾值、速度還有初始的縮放率，還可以設定是否顯示縮放控制項。",
    "custom-zoom/@name": "自訂程式編輯區的縮放率",
    "custom-zoom/@settings-name-autohide": "自動隱藏縮放控制項",
    "custom-zoom/@settings-name-maxZoom": "最大可放大到（100-500%）",
    "custom-zoom/@settings-name-minZoom": "最小可縮小到（1-100%）",
    "custom-zoom/@settings-name-speed": "自動隱藏動畫速度",
    "custom-zoom/@settings-name-startZoom": "初始的縮放率（50-500%）",
    "custom-zoom/@settings-name-zoomSpeed": "縮放速度（50-200%）",
    "custom-zoom/@settings-select-speed-default": "預設",
    "custom-zoom/@settings-select-speed-long": "慢",
    "custom-zoom/@settings-select-speed-none": "立即",
    "custom-zoom/@settings-select-speed-short": "快速",
    "initialise-sprite-position/@name": "自訂新建角色位置",
    "initialise-sprite-position/@settings-name-x": "X 座標",
    "initialise-sprite-position/@settings-name-y": "Y 座標",
    "blocks2image/@description": "在程式編輯區上點擊滑鼠右鍵，可以把指定的積木匯出成 SVG/PNG 圖像。",
    "blocks2image/@name": "保存積木為圖像",
    "remove-curved-stage-border/@description": "拿掉舞台四周的圓角修飾，讓你能看見舞台的四個角。",
    "remove-curved-stage-border/@name": "移除舞台邊緣圓角",
    "transparent-orphans/@description": "調整編輯器中積木的透明度，可以為單一塊積木或是正在拖曳的積木個別設定透明值。",
    "transparent-orphans/@name": "積木透明度",
    "transparent-orphans/@settings-name-block": "程式區塊透明度(%)",
    "transparent-orphans/@settings-name-dragged": "正在拖曳的積木透明度(%)",
    "transparent-orphans/@settings-name-orphan": "單一積木透明度(%)",
    "paint-by-default/@description": "選個角色/選個造型/選個背景/選個音效這些大按鈕預設都是從範例庫中選擇，改成其他操作，像是畫個造型、畫個背景…",
    "paint-by-default/@name": "更改「選個xx」按鈕的預設操作",
    "paint-by-default/@settings-name-backdrop": "添加背景",
    "paint-by-default/@settings-name-costume": "添加造型",
    "paint-by-default/@settings-name-sound": "添加音效",
    "paint-by-default/@settings-name-sprite": "添加角色",
    "paint-by-default/@settings-select-backdrop-library": "範例庫",
    "paint-by-default/@settings-select-backdrop-paint": "繪畫",
    "paint-by-default/@settings-select-backdrop-surprise": "驚喜",
    "paint-by-default/@settings-select-backdrop-upload": "上傳",
    "paint-by-default/@settings-select-costume-library": "範例庫",
    "paint-by-default/@settings-select-costume-paint": "繪畫",
    "paint-by-default/@settings-select-costume-surprise": "驚喜",
    "paint-by-default/@settings-select-costume-upload": "上傳",
    "paint-by-default/@settings-select-sound-library": "範例庫",
    "paint-by-default/@settings-select-sound-record": "錄製",
    "paint-by-default/@settings-select-sound-surprise": "驚喜",
    "paint-by-default/@settings-select-sound-upload": "上傳",
    "paint-by-default/@settings-select-sprite-library": "範例庫",
    "paint-by-default/@settings-select-sprite-paint": "繪畫",
    "paint-by-default/@settings-select-sprite-surprise": "驚喜",
    "paint-by-default/@settings-select-sprite-upload": "上傳",
    "block-cherry-picking/@description": "讓你可以按住 Ctrl 鍵把單個積木從程式區塊裡拖曳出來（原來會拖曳出黏在後面的所有積木）。",
    "block-cherry-picking/@info-flipControls": "如果啟用「功能反轉」，那麼拖曳單個積木就會變成預設動作，按住 Ctrl 則會變成拖曳整個程式區塊。",
    "block-cherry-picking/@info-macContextDisabled": "在 macOS 上，用 Cmd 鍵代替 Ctrl 鍵。",
    "block-cherry-picking/@name": "按住 Ctrl 鍵拖曳單個程式積木",
    "block-cherry-picking/@settings-name-invertDrag": "功能反轉",
    "hide-new-variables/@name": "隱藏新的變數面板",
    "editor-extra-keys/@description": "添加更多的鍵到“key () pressed?” 和“按下 () 鍵時”，例如'enter'、點、逗號等。 這些鍵甚至對沒有 Scratch Addons 的用戶也有效。",
    "editor-extra-keys/@info-experimentalKeysWarn": "「實驗中按鍵」包含等號、斜槓號、分號等。它們可能不適用於所有操作系統或是鍵盤佈局。",
    "editor-extra-keys/@info-shiftKeysWarn": "「Shift 按鍵」通常是結合鍵，像是 Shift+數字鍵，像是井字符號、感嘆號等。這些按鍵僅適用於「當（）鍵被按下」積木，而且也不一定能在所有操作系統或鍵盤佈局上使用。",
    "editor-extra-keys/@name": "額外的按鈕選項",
    "editor-extra-keys/@settings-name-experimentalKeys": "顯示實驗鍵",
    "editor-extra-keys/@settings-name-shiftKeys": "顯示 shift 按鈕 ",
    "hide-delete-button/@description": "隱藏角色、造型、音效上的刪除按鈕（垃圾桶圖示）。如果要刪除，要在項目上點擊滑鼠右鍵，使用選單上的刪除功能。",
    "hide-delete-button/@name": "隱藏刪除按鈕",
    "hide-delete-button/@settings-name-costumes": "造型與背景",
    "hide-delete-button/@settings-name-sounds": "音效",
    "hide-delete-button/@settings-name-sprites": "角色",
    "no-script-bumping/@description": "讓你在移動或修改程式時，不會因為一時的程式重疊導致程式原來的位置被亂改變。",
    "no-script-bumping/@name": "停止自動分開重疊的程式",
    "disable-stage-drag-select/@description": "移除原來在編輯器上可以任意拖曳舞台上的角色的功能。除非設定該角色為可拖曳，或是你可以按住 Shift 鍵加以拖曳。",
    "disable-stage-drag-select/@name": "編輯器內不可拖曳角色",
    "move-to-top-bottom/@description": "在造型或是音效項目右鍵開啟選單時，會有移至最上面、移至最下面的選項。",
    "move-to-top-bottom/@info-developer-tools": "這個擴充功能之前是在「開發工具」裡，現在移至這兒了！",
    "move-to-top-bottom/@name": "移至最上面或最下面",
    "disable-paste-offset/@description": "在造型編輯器上使用複製貼上功能時，在原位置貼上，不要向右下偏移。",
    "disable-paste-offset/@info-vanilla": "在沒有此Addon的情況下，也可以通過 Alt+click來做這件事。",
    "disable-paste-offset/@name": "複製圖案時不要偏移",
    "block-duplicate/@description": "透過按住 Alt 按鍵與拖曳程式積木，能讓你更快的複製整個程式區塊。加上 Ctrl 鍵則可以複製出你停駐的單個積木。",
    "block-duplicate/@info-mac": "macOS 上使用 Option 按鍵代替 Alt 鍵，Command 鍵取代 Ctrl 鍵。",
    "block-duplicate/@name": "按住 Alt 鍵以複製積木",
    "rename-broadcasts/@description": "添加一個選項以在boardcasts塊的下拉列表中重命名廣播消息的名字。",
    "rename-broadcasts/@name": "重新命名廣播訊息",
    "swap-local-global/@description": "在本來的重新命名變數或清單的面板上添加了更多功能：在「適用於所有角色」和「僅適用當前角色」之間轉換。也可以用滑鼠右鍵點擊變數，在功能表中直接轉換。",
    "swap-local-global/@name": "在「適用於所有角色」和「僅適用當前角色」之間轉換",
    "editor-comment-previews/@description": "當你把游標停駐在積木或者摺疊的註解上，能夠馬上預覽到註解的內容。當連接的註解離積木太遠，或是很多註解需要摺疊時，這會很有用。",
    "editor-comment-previews/@name": "預覽註解",
    "editor-comment-previews/@settings-name-delay": "延遲時間",
    "editor-comment-previews/@settings-name-follow-mouse": "跟隨滑鼠游標",
    "editor-comment-previews/@settings-name-hover-view": "停駐在已摺疊註解時預覽內容",
    "editor-comment-previews/@settings-name-hover-view-block": "停駐在已連接註解的積木上時預覽註解內容",
    "editor-comment-previews/@settings-name-hover-view-procedure": "停駐在函式積木上時顯示定義的註解內容",
    "editor-comment-previews/@settings-name-reduce-animation": "減少彈出動畫",
    "editor-comment-previews/@settings-name-reduce-transparency": "減少透明度",
    "editor-comment-previews/@settings-select-delay-long": "較長",
    "editor-comment-previews/@settings-select-delay-none": "無",
    "editor-comment-previews/@settings-select-delay-short": "較短",
    "columns/@description": "把工具箱的積木分類改成兩列顯示，並把面板放置在編輯器頂部，就像 Scratch 2.0 版那樣。",
    "columns/@name": "兩列式積木選單",
    "number-pad/@name": "一直顯示數字鍵盤",
    "script-snap/@description": "在程式編輯區上拖曳程式時，會自動與畫面的網格貼齊。",
    "script-snap/@name": "程式積木貼齊網格",
    "script-snap/@preset-name-default": "預設",
    "script-snap/@preset-name-half-block": "半個積木",
    "script-snap/@preset-name-whole-block": "整個積木",
    "script-snap/@settings-name-grid": "格點間距（像素）",
    "fullscreen/@description": "修復了一些全屏顯示模式下的一些問題，讓全屏時同時讓瀏覽器也以全屏展開，且可以選擇隱藏綠旗等工具列。",
    "fullscreen/@name": "增強全屏",
    "fullscreen/@settings-name-browserFullscreen": "全屏模式時同時讓瀏覽器進入全屏",
    "hide-stage/@description": "在專案預覽視窗上添加一個按鈕，用來隱藏舞台和角色面板，按鈕按鈕後能讓編輯區的空間變大。",
    "hide-stage/@name": "添加隱藏舞台與角色面板按鈕",
    "editor-stepping/@description": "專案運行時，以顏色高亮正在執行的程式積木。",
    "editor-stepping/@name": "高亮執行中的程式",
    "editor-stepping/@settings-name-highlight-color": "高亮顏色"
}