{
  "title": "Addon Settings",
  "credits": "Credits:",
  "reset": "Reset",
  "resetAll": "Reset all",
  "confirmResetAll": "Are you sure you want to reset all addon settings to their default values?",
  "dirty": "Reload tabs to apply settings.",
  "dirtyButton": "Reload now",
  "presets": "Presets",
  "noCompiler": "This addon only works when the compiler is disabled through the Advanced > Disable Compiler menu or using the \"Disable compiler in editor\" addon.",
  "tagRecommended": "Recommended",
  "tagDanger": "Dangerous",
  "tagTheme": "Theme",
  "tagBeta": "Beta",
  "tagNew": "New!",
  "groupNew": "New ({number})",
  "groupOthers": "Others ({number})",
  "groupDanger": "Dangerous ({number})",
  "search": "Search",
  "noResults": "No results.",
  "export": "Export settings",
  "import": "Import settings",
  "unsupported": "Some addons are not available in this browser:",
  "addonFeedback": "Addon Feedback",
  "enableDangerous": "This addon is dangerous and may intentionally DISABLE features. Most users SHOULD NOT enable this addon. Are you sure you want to enable it?"
}
