{
    "ca": {
        "addonFeedback": "Comentaris del addon",
        "confirmResetAll": "Segur que vols restablir tota la configuració del addon als valors predeterminats?",
        "credits": "Crèdits:",
        "dirty": "Torna a carregar les pestanyes per aplicar la configuració.",
        "dirtyButton": "Recarrega ara",
        "enableDangerous": "Aquest addon és perillós i pot DESACTIVAR les funcions intencionadament. La majoria dels usuaris NO HAN d'activar aquest addon. Estas segur que voleu activar-lo?",
        "export": "Exporta configurament",
        "groupDanger": "Perillós ({number})",
        "groupNew": "Nou ({number})",
        "groupOthers": "Altres ({number})",
        "import": "Importa configurament",
        "noCompiler": "Aquest addon només funciona quan el compilador està desactivat mitjançant el menú Avançat > Desactiva el compilador o utilitzant el addon \"Desactiva el compilador a l'editor\".",
        "noResults": "Cap resultat.",
        "reset": "Restableix",
        "resetAll": "Restableix",
        "search": "Cerca",
        "tagDanger": "Perillos",
        "tagNew": "Nou!",
        "tagRecommended": "Recomanat",
        "tagTheme": "Tema",
        "title": "Configuració del addon",
        "unsupported": "Alguns addons no hi són disponibles en aquest navegador:"
    },
    "cs": {
        "addonFeedback": "Zpětná vazba doplňků",
        "confirmResetAll": "Jste si jisti, že chcete obnovit všechna nastavení doplňků na jejich výchozí hodnoty?",
        "credits": "Příspěvky:",
        "dirty": "Pro uložení nastavení obnovte stránku.",
        "dirtyButton": "Obnovte nyní",
        "enableDangerous": "Tento doplněk je nebezpečný a může úmyslně ZAKÁZAT funkce. Mnoho uživatelů by NEMĚLO tento doplněk povolovat. Jste si jisti, že to chcete povolit?",
        "export": "Exportovat nastavení",
        "groupDanger": "Nebezpečné ({number})",
        "groupNew": "Nové ({number})",
        "groupOthers": "Ostatní ({number})",
        "import": "Importovat nastavení",
        "noCompiler": "Tento doplněk funguje jen, když je kompilátor zakázán přes menu Pokročilé > Deaktivovat kompilátor nebo pomocí doplňku \"Zakázat kompilátor v editoru\".",
        "noResults": "Žádné výsledky.",
        "presets": "Šablony",
        "reset": "Obnovit",
        "resetAll": "Obnovit vše",
        "search": "Hledat",
        "tagDanger": "Nebezpečné",
        "tagNew": "Nové!",
        "tagRecommended": "Doporučeno",
        "tagTheme": "Téma",
        "title": "Nastavení doplňků",
        "unsupported": "Některé doplňky nejsou dostupné v tomto prohlížeči:"
    },
    "de": {
        "addonFeedback": "Feedback für Addons",
        "confirmResetAll": "Bist du sicher, dass du alle Addoneinstellungen auf ihre Standardwerte zurücksetzen willst?",
        "credits": "Danksagungen:",
        "dirty": "Lade die Tabs neu, um die Einstellungen anzuwenden.",
        "dirtyButton": "Jetzt neu laden",
        "enableDangerous": "Dieses Addon ist gefährlich und könnte gezielt Funktionen DEAKTIVIEREN. Die meisten Nutzer SOLLTEN NICHT dieses Addon aktivieren. Bist du sicher, dass du es willst?",
        "export": "Einstellungen Exportieren",
        "groupDanger": "Gefährlich ({number})",
        "groupNew": "Neu ({number})",
        "groupOthers": "Andere ({number})",
        "import": "Einstellungen Importieren",
        "noCompiler": "Dieses Addon funktioniert nur, wenn der Compiler über das \"Erweitert > Compiler ausschlten\"-Menü deaktiviert ist oder wenn das \"Disable compiler in editor\"-Addon aktiviert ist.",
        "noResults": "Keine Suchergebnisse.",
        "presets": "Voreinstellungen",
        "reset": "Zurücksetzen",
        "resetAll": "Alle zurücksetzen",
        "search": "Suchen",
        "tagDanger": "Gefährlich",
        "tagNew": "Neu!",
        "tagRecommended": "Empfohlen",
        "tagTheme": "Design",
        "title": "Addon-Einstellungen",
        "unsupported": "Manche Addons sind in diesem Browser nicht verfügbar:"
    },
    "es": {
        "addonFeedback": "Enviar comentarios sobre addons",
        "confirmResetAll": "¿Está seguro de que quiere reiniciar todos los addons a sus valores predeterminados?",
        "credits": "Créditos:",
        "dirty": "Recargue las pestañas para aplicar la configuración.",
        "dirtyButton": "Recargar ahora",
        "enableDangerous": "Este addon es peligroso y podría intencionalmente DESACTIVAR funciones. La mayoría de los usuarios NO DEBERÍAN activar este addon. ¿Está seguro de que lo quiere activar?",
        "export": "Exportar ajustes",
        "groupDanger": "Peligrosos ({number})",
        "groupNew": "Nuevos ({number})",
        "groupOthers": "Otros ({number})",
        "import": "Importar ajustes",
        "noCompiler": "Este addon solo funciona cuando el compilador está desactivado en el menú Avanzado > Desactivar compilador o usando el addon «Deshabilitar compilador en editor».",
        "noResults": "Sin resultados.",
        "reset": "Reiniciar",
        "resetAll": "Reiniciar todos",
        "search": "Buscar",
        "tagDanger": "Peligroso",
        "tagNew": "¡Nuevo!",
        "tagRecommended": "Recomendado",
        "tagTheme": "Tema",
        "title": "Ajustes de Addons",
        "unsupported": "Algunos addons no están disponibles en este navegador:"
    },
    "fi": {
        "addonFeedback": "Palaute lisäosista",
        "confirmResetAll": "Tahdotko varmasti palauttaa kaikkien lisäosien asetukset niiden oletusarvoihin?",
        "credits": "Tekijät:",
        "dirty": "Ota asetukset käyttöön lataamalla välilehdet uudelleen.",
        "dirtyButton": "Lataa uudelleen nyt",
        "enableDangerous": "Tämä lisäosa on vaarallinen ja saattaa tarkoituksellisesti POISTAA ominaisuuksia käytöstä. Useimpien käyttäjien EI TULISI ottaa tätä lisäosaa käyttöön. Tahdotko varmasti ottaa sen käyttöön?",
        "export": "Lataa asetukset",
        "groupDanger": "Vaaralliset ({number})",
        "groupNew": "Uutta ({number})",
        "groupOthers": "Muut ({number})",
        "import": "Tuo asetukset",
        "noCompiler": "Tämä lisäosa toimii vain, kun kääntäjä on poistettu käytöstä kohdasta Edistykselliset > Poista kääntäjä käytöstä -kohta tai käyttämällä \"Poista kääntäjä kääntäjä editorista\" -lisäosaa.",
        "noResults": "Tuloksia ei löytynyt.",
        "presets": "Esiasetukset",
        "reset": "Nollaa",
        "resetAll": "Nollaa kaikki",
        "search": "Hae",
        "tagBeta": "Beeta",
        "tagDanger": "Vaarallinen",
        "tagNew": "Uutta!",
        "tagRecommended": "Suositeltava",
        "tagTheme": "Teema",
        "title": "Lisäosien asetukset",
        "unsupported": "Jotkin lisäosat eivät ole saatavillla tässä selaimessa:"
    },
    "fr": {
        "addonFeedback": "Commentaires sur les addons",
        "credits": "Crédits:",
        "dirtyButton": "Recharger maintenant",
        "enableDangerous": "Cet addon est dangereux et va intentionnellement DÉSACTIVER certaines fonctionnalitées. La plupart des utilisateurs NE DOIVENT PAS activer cet addon. Êtes-vous sûr de vouloir l'activer ?",
        "export": "Exporter les paramètres",
        "groupDanger": "Dangereux ({number})",
        "groupOthers": "Autres ({number})",
        "import": "Importer les paramètres",
        "noResults": "Aucun résultat.",
        "presets": "Préconfigurations",
        "reset": "Réinitialiser",
        "resetAll": "Tout réinitialiser",
        "search": "Rechercher",
        "tagBeta": "Bêta",
        "tagDanger": "Dangereux",
        "tagNew": "Nouveau!",
        "tagRecommended": "Recommandé",
        "tagTheme": "Thème",
        "title": "Paramètres des addons",
        "unsupported": "Les addons suivants ne sont pas pris en charge par votre navigateur:"
    },
    "he": {
        "addonFeedback": "משוב עבור הרחבות",
        "confirmResetAll": "האם אתה בטוח שברצונך לאפס את כל הגדרות ההרחבה לערכי ברירת המחדל שלהן?",
        "credits": "נקודות זכות:",
        "dirty": "טען מחדש את כל הכרטיסיות הפתוחות כדי שההגדרות ייכנסו לתוקף.",
        "dirtyButton": "טען מחדש את הכרטיסיות כעת",
        "enableDangerous": "תוסף זה עשוי להשבית תכונות בכוונה. רוב המשתמשים לא צריכים להפעיל זאת. האם ברצונך להפעיל אותו?",
        "export": "הגדרות ייצוא",
        "groupDanger": "לא בטיחותי({number})",
        "groupNew": "חָדָשׁ!({number})",
        "groupOthers": "שונות({number})",
        "import": "הגדרות ייבוא.",
        "noCompiler": "תוסף זה יעבוד רק כאשר אתה משבית את המהדר דרך התפריט מתקדם > השבת מהדר או באמצעות התוסף \"השבת את המהדר בעורך\".",
        "noResults": "לא נמצאו תוצאות.",
        "presets": "ערכים מוגדרים מראש",
        "reset": "אִתחוּל",
        "resetAll": "לאפס הכל",
        "search": "לחפש",
        "tagBeta": "בטא",
        "tagDanger": "לא בטיחותי",
        "tagNew": "חָדָשׁ!",
        "tagRecommended": "הציע",
        "tagTheme": "ערכת נושא",
        "title": "הגדרות תוסף",
        "unsupported": "חלק מהתוספות אינן נגישות בדפדפן שלך:"
    },
    "hu": {
        "addonFeedback": "Visszajelzés a kiegészítőkről",
        "confirmResetAll": "Biztos szeretnéd az összes kiegészítő-beállítást visszaállítani az alapértelmezett értékére?",
        "credits": "Stáblista:",
        "dirty": "A beállítások alkalmazásához töltsd újra az oldalakat.",
        "dirtyButton": "Újratöltés most",
        "enableDangerous": "Ez a kiegészítő veszélyes és szándékosan ELTÁVOLÍTHAT funkciókat. A legtöbb felhasználónak NEM érdemes bekapcsolnia ezt a kiegészítőt. Biztos, hogy bekapcsolod?",
        "export": "Beállítások exportálása",
        "groupDanger": "Veszélyes ({number})",
        "groupNew": "Új ({number})",
        "groupOthers": "Többi ({number})",
        "import": "Beállítások importálása",
        "noCompiler": "Ez a kiegészítő csak akkor működik, amikor a fordítóprogram ki van kapcsolva a Haladó -> Fordítóprogram kikapcsolása menüponttal vagy a \"Fordítóprogram kikapcsolása a szerkesztőben\" kiegészítővel.",
        "noResults": "Nincsenek találatok.",
        "presets": "Elmentett beállítások",
        "reset": "Visszaállítás",
        "resetAll": "Összes visszaállítása",
        "search": "Keresés",
        "tagBeta": "Béta",
        "tagDanger": "Veszélyes",
        "tagNew": "Új!",
        "tagRecommended": "Javasolt",
        "tagTheme": "Téma",
        "title": "Kiegészítők beállításai",
        "unsupported": "Néhány kiegészítő nem érhető el ebben a böngészőben."
    },
    "it": {
        "addonFeedback": "Feedback sull'Addon",
        "confirmResetAll": "Sei sicuro di voler riportare tutte le impostazioni dell'addon al loro stato iniziale?",
        "credits": "Autore/i:",
        "dirty": "Ricarica le schede del browser per applicare le nuove impostazioni.",
        "dirtyButton": "Ricarica ora",
        "enableDangerous": "Questo addon è pericoloso e può intenzionalmente DISABILITARE delle funzionalità. La maggior parte degli utenti NON DOVREBBE abilitare questo addon. Sei sicuro di volerlo abilitare?",
        "export": "Esporta le impostazioni",
        "groupDanger": "Pericolosi ({number})",
        "groupNew": "Nuovi ({number})",
        "groupOthers": "Altri ({number})",
        "import": "Importa le impostazioni",
        "noCompiler": "Questo addon funziona soltanto quando il compilatore è disabilitato usando il menu Impostazioni Avanzate > Disabilita Compilatore o l'addon \"Disabilita il compilatore nell'editor\".",
        "noResults": "Nessun risultato.",
        "presets": "Valori predefiniti",
        "reset": "Resetta",
        "resetAll": "Resetta tutto",
        "search": "Cerca",
        "tagDanger": "Pericoloso",
        "tagNew": "Nuovo!",
        "tagRecommended": "Raccomandato",
        "tagTheme": "Tema",
        "title": "Impostazioni Addon",
        "unsupported": "Alcuni addon non sono disponibili in questo browser:"
    },
    "ja": {
        "addonFeedback": "アドオンのフィードバック",
        "confirmResetAll": "アドオンの設定を削除し、デフォルトに戻します。よろしいですか？",
        "credits": "クレジット:",
        "dirty": "タブを再読み込みして設定を適用します。",
        "dirtyButton": "すぐに再読み込みする",
        "enableDangerous": "このアドオンは危険で、意図的に機能を*無効にする*可能性があります。多くのユーザーは、このアドオンを*有効にすべきではありません。*本当に有効にしますか？",
        "export": "設定を書き出す",
        "groupDanger": "危険({number})",
        "groupNew": "新機能({number})",
        "groupOthers": "その他({number})",
        "import": "設定を読み込む",
        "noCompiler": "このアドオンは、「高度な設定」>「コンパイラを無効にする」、またはアドオンの「エディタでコンパイラを無効にする」を使用してコンパイラを無効にしたときのみ機能します。",
        "noResults": "検索条件に一致する結果はありません。",
        "presets": "プリセット",
        "reset": "リセット",
        "resetAll": "全てリセットする",
        "search": "検索",
        "tagBeta": "ベータ版",
        "tagDanger": "危険",
        "tagNew": "新機能!",
        "tagRecommended": "おすすめ",
        "tagTheme": "テーマ",
        "title": "アドオン設定",
        "unsupported": "いくつかのアドオンがお使いのブラウザに対応していません:"
    },
    "ja-hira": {
        "addonFeedback": "アドオンのフィードバック",
        "confirmResetAll": "アドオンのせっていをさくじょして、もとにもどします。よろしいですか？",
        "credits": "クレジット:",
        "dirty": "タブをもういちどよみこんでせっていをてきおうします",
        "dirtyButton": "すぐにもういちどよみこむ",
        "export": "せっていをほぞんする",
        "groupDanger": "きけん({number})",
        "groupNew": "しんきのう({number})",
        "groupOthers": "そのほか({number})",
        "import": "せっていをよみこむ",
        "noResults": "検索条件(けんさくじょうけん)に一致(いっち)する結果(けっか)はありません。",
        "presets": "プリセット",
        "reset": "リセット",
        "resetAll": "すべてリセットする",
        "search": "けんさく",
        "tagBeta": "ベータばん",
        "tagDanger": "きけん",
        "tagNew": "しんきのう!",
        "tagRecommended": "おすすめ",
        "tagTheme": "テーマ",
        "title": "アドオンせってい",
        "unsupported": "いくつかのアドオンがおつかいのブラウザにたいおうしていません:"
    },
    "ko": {
        "addonFeedback": "애드온 피드백하기",
        "confirmResetAll": "정말로 애드온 설정을 기본값으로 초기화하시겠습니까?",
        "credits": "도움을 준 사람들 :",
        "dirty": "설정을 적용하려면 탭을 새로고침해야 합니다.",
        "dirtyButton": "지금 재시작하기",
        "enableDangerous": "이 애드온은 위험하며 의도적으로 몇몇 기능을 비활성화할 수도 있습니다. 대부분의 사용자들은 이 애드온을 활성화 해서는 안됩니다. 정말로 활성화 하시겠습니까?",
        "export": "설정 내보내기",
        "groupDanger": "위험한 기능 ({number})",
        "groupNew": "새 기능 ({number})",
        "groupOthers": "기타 ({number})",
        "import": "설정 가져오기",
        "noCompiler": "이 애드온은 메뉴에서 고급 설정 > 컴파일러 비활성화 또는 \"에디터에서 컴파일러 비활성화\" 애드온을 통해서 컴파일러가 비활성화 되었을 때에만 작동합니다.",
        "noResults": "결과가 없습니다.",
        "presets": "프리셋",
        "reset": "초기화",
        "resetAll": "모두 초기화",
        "search": "검색",
        "tagBeta": "베타",
        "tagDanger": "위험한 기능",
        "tagNew": "새 기능!",
        "tagRecommended": "추천",
        "tagTheme": "테마",
        "title": "애드온 설정",
        "unsupported": "몇몇 애드온은 다음의 브라우저에서 사용할 수 없습니다 :"
    },
    "lt": {
        "addonFeedback": "Įskiepių atsiliepimas",
        "confirmResetAll": "Ar jūs tikras kad norite nustatyti visus įskiepių nustatymus į jų numatytąsias vertes?",
        "credits": "Padėkos:",
        "dirty": "Perkrauk skirtukus nustatymų pritaikymui.",
        "dirtyButton": "Perkrauti dabar",
        "enableDangerous": "Šis įskiepis yra pavojingas ir gali tyčia IŠJUNGTI funkcijas. Dauguma naudotojų NETURĖTŲ įjungti šio priedo. Ar tikrai norite jį įjungti?",
        "export": "Eksportuoti nustatymus",
        "groupDanger": "Pavojingi ({number})",
        "groupNew": "Nauji ({number})",
        "groupOthers": "Kiti ({number})",
        "import": "Importuoti nustatymus",
        "noCompiler": "Šis priedas veikia tik tada, kai kompiliatorius išjungtas per meniu Išplėstinė > Išjungti kompiliatorių arba naudojant įskiepį \"Išjungti kompiliatorių redaktoriuje\".",
        "noResults": "Jokių rezultatų.",
        "presets": "Iš anksto nustatyti",
        "reset": "nustatyti iš naujo",
        "resetAll": "nustatyti viską iš naujo",
        "search": "Ieškoti",
        "tagDanger": "Pavojingas",
        "tagNew": "Naujiena!",
        "tagRecommended": "Rekomenduotas",
        "tagTheme": "Fonas",
        "title": "Įskiepių nustatymai",
        "unsupported": "Keletas įskiepių yra nepalaikomi šioje naršyklėje:"
    },
    "nb": {
        "addonFeedback": "Utvidelse tilbakemelding",
        "confirmResetAll": "Er du sikkert at du vil tilbakestill alle utvidelser?",
        "credits": "Fra:",
        "dirty": "Oppdater siden nå til å oppdater innstillinger.",
        "dirtyButton": "Oppdater siden nå",
        "enableDangerous": "Dette tillegget er farlig og kan med vilje DEAKTIVERE funksjoner. De fleste brukere bør IKKE aktivere dette tillegget. Er du sikker på at du vil aktivere det?",
        "export": "Eksportinnstillinger",
        "groupDanger": "Farlig({number})",
        "groupNew": "NY({number})",
        "groupOthers": "Andre({number})",
        "import": "Importinnstillinger",
        "noCompiler": "Dette tillegget fungerer bare når kompilatoren er deaktivert gjennom Avansert > Deaktiver Kompilator-menyen eller ved hjelp av \"Deaktiver kompilator i editor\" addon.",
        "noResults": "Ingen resultater.",
        "presets": "Forhåndsinnstillinger",
        "reset": "Tilbakestill",
        "resetAll": "Tilbakestill alt",
        "search": "Søk",
        "tagDanger": "Farlig",
        "tagNew": "Ny!",
        "tagRecommended": "Anbefalt",
        "tagTheme": "Tema",
        "title": "Innstillinger for utvidelser",
        "unsupported": "Noen utvidelser er ikke tilgjengelig på dette nettleser."
    },
    "nl": {
        "addonFeedback": "Feedback Geven",
        "confirmResetAll": "Weet je zeker dat je alle addoninstellingen wilt resetten naar de standaardinstellingen?",
        "credits": "Dank aan:",
        "dirty": "Ververs tabbladen om instellingen toe te passen.",
        "dirtyButton": "Nu verversen",
        "enableDangerous": "Deze addon is gevaarlijk en kan opzettelijk functies uitschakelen. In de meeste gevallen moet je deze addon NIET gebruiken. Weet je zeker dat je het in wilt schakelen?",
        "export": "Instellingen exporteren",
        "groupDanger": "Gevaarlijk ({number})",
        "groupNew": "Nieuw ({number})",
        "groupOthers": "Overig ({number})",
        "import": "Instellingen importeren",
        "noCompiler": "Deze addon werkt alleen als de compiler is uitgeschakeld, dit kun je doen in Geavanceerd > Compiler uitschakelen of met de \"Compiler uitschakelen in editor\"-addon.",
        "noResults": "Geen resultaten.",
        "presets": "Voorinstellingen",
        "reset": "Resetten",
        "resetAll": "Alles resetten",
        "search": "Zoeken",
        "tagBeta": "Bèta",
        "tagDanger": "Gevaarlijk",
        "tagNew": "Nieuw!",
        "tagRecommended": "Aanbevolen",
        "tagTheme": "Thema",
        "title": "Addoninstellingen",
        "unsupported": "Sommige addons zijn niet beschikbaar in deze browser:"
    },
    "pl": {
        "addonFeedback": "Opinia o dodatkach",
        "confirmResetAll": "Jesteś pewien, że chcesz zresetować wszystkie dodatki do ich domyślnych wartości?",
        "credits": "Podziękowania:",
        "dirty": "Odśwież karty, aby załączyć ustawienia.",
        "dirtyButton": "Odśwież teraz",
        "enableDangerous": "Ten dodatek jest niebezpieczny i może intencjonalnie WYŁĄCZYĆ funkcje. Większość użytkowników NIE POWINNA włączać tego dodatku. Czy jesteś pewien, że chcesz go włączyć?",
        "export": "Eksportuj ustawienia",
        "groupDanger": "Niebezpieczne ({number})",
        "groupNew": "Nowe ({number})",
        "groupOthers": "Inne ({number})",
        "import": "Importuj ustawienia",
        "noCompiler": "Ten dodatek działa tylko kiedy kompiler jest wyłączony poprzez Zaawansowane Ustawienia > Wyłącz Kompiler albo używając dodatku \"Wyłącz kompiler w edytorze\".",
        "noResults": "Brak wyników.",
        "presets": "Ustawienia wstępne",
        "reset": "Resetuj",
        "resetAll": "Resetuj wszystko",
        "search": "Szukaj",
        "tagDanger": "Niebezpieczne",
        "tagNew": "Nowość!",
        "tagRecommended": "Polecane",
        "tagTheme": "Motyw",
        "title": "Ustawienia Dodatków",
        "unsupported": "Niektóre dodatki nie są dostępne w tej przeglądarce:"
    },
    "pt": {
        "addonFeedback": "Dar Feedback sobre Addons",
        "confirmResetAll": "Tem certeza que quer restaurar todas as configurações de addons aos seus valores originais?",
        "credits": "Créditos:",
        "dirtyButton": "Recarregar agora",
        "enableDangerous": "Este addon é perigoso e pode intencionalmente DESATIVAR funcionalidades. A maioria dos usuários NÃO DEVEM ativar este addon. Tem certeza que quer ativá-lo?",
        "export": "Exportar configurações",
        "groupDanger": "Perigosos ({number})",
        "groupNew": "Novos ({number})",
        "groupOthers": "Outros ({number})",
        "import": "Importar configurações",
        "noCompiler": "Esse addon apenas funciona com o compilador desligado, o que pode ser feito através do menu Avançado > Desligar Compilador ou usando o addon \"Desabilitar compilador no editor\".",
        "noResults": "Nenhum resultado.",
        "presets": "Predefinições",
        "reset": "Redefinir",
        "resetAll": "Redefinir todos",
        "search": "Buscar",
        "tagDanger": "Perigoso",
        "tagNew": "Novo!",
        "tagRecommended": "Recomendado",
        "tagTheme": "Tema",
        "title": "Configurações de Addon",
        "unsupported": "Alguns addons não estão disponíveis neste navegador:"
    },
    "pt-br": {
        "addonFeedback": "Dar Feedback sobre Addons",
        "confirmResetAll": "Tem certeza que quer restaurar todas as configurações de addons aos seus valores originais?",
        "credits": "Créditos:",
        "dirty": "Recarregue a página para aplicar as opções.",
        "dirtyButton": "Recarregar agora",
        "enableDangerous": "Este addon é perigoso e pode intencionalmente DESATIVAR funcionalidades. A maioria dos usuários NÃO DEVEM ativar este addon. Tem certeza que quer ativá-lo?",
        "export": "Exportar configurações",
        "groupDanger": "Perigosos ({number})",
        "groupNew": "Novos ({number})",
        "groupOthers": "Outros ({number})",
        "import": "Importar configurações",
        "noCompiler": "Esse addon apenas funciona com o compilador desligado, o que pode ser feito através do menu Avançado > Desligar Compilador ou usando o addon \"Desabilitar compilador no editor\".",
        "noResults": "Nenhum resultado.",
        "presets": "Predefinições",
        "reset": "Redefinir",
        "resetAll": "Redefinir todos",
        "search": "Buscar",
        "tagDanger": "Perigoso",
        "tagNew": "Novo!",
        "tagRecommended": "Recomendado",
        "tagTheme": "Tema",
        "title": "Configurações de Addon",
        "unsupported": "Alguns addons não estão disponíveis neste navegador:"
    },
    "ru": {
        "addonFeedback": "Отзывы об Аддонах",
        "confirmResetAll": "Вы уверены, что хотите сбросить настройки всех аддонов до значений по умолчанию?",
        "credits": "Благодарности:",
        "dirty": "Перезагрузите вкладки, чтобы применить настройки.",
        "dirtyButton": "Перезагрузить сейчас",
        "enableDangerous": "Этот аддон опасен и может намеренно ОТКЛЮЧИТЬ функции. Большинству пользователей НЕ СЛЕДУЕТ включать этот аддон. Вы уверены, что хотите его включить?",
        "export": "Экспорт настроек",
        "groupDanger": "Опасное ({number})",
        "groupNew": "Новое ({number})",
        "groupOthers": "Прочее ({number})",
        "import": "Импорт настроек",
        "noCompiler": "Этот аддон работает только когда компилятор отключен через Дополнительно > Отключить Компилятор или при помощи аддона \"Отключение компилятора в редакторе\"",
        "noResults": "Нет результатов.",
        "presets": "Предустановки",
        "reset": "Сбросить",
        "resetAll": "Сбросить всё",
        "search": "Поиск",
        "tagBeta": "Бета",
        "tagDanger": "Опасно",
        "tagNew": "Новое!",
        "tagRecommended": "Рекомендуется",
        "tagTheme": "Тема",
        "title": "Настройки Аддонов",
        "unsupported": "Некоторые аддоны не доступны в данном браузере:"
    },
    "sl": {
        "addonFeedback": "Povratne informacije o dodatkih",
        "confirmResetAll": "Ste prepričani, da želite ponastaviti vse nastavitve dodatkov?",
        "credits": "Hvala:",
        "dirty": "Znova naložite zavihke, da uporabite spremenjene nastavitve.",
        "dirtyButton": "Znova naloži zdaj",
        "enableDangerous": "Ta dodatek je nevaren in morda namenoma ODSTRANI funkcije. Večina uporabnikov tega dodatka NE POTREBUJE. Ste prepričani, da ga želite vključiti?",
        "export": "Izvozi nastavitve",
        "groupDanger": "Nevarno ({number})",
        "groupNew": "Novo ({number})",
        "groupOthers": "Drugo ({number})",
        "import": "Uvozi nastavitve",
        "noCompiler": "Ta dodatek deluje samo, če je prevajalnik izključen v meniju Napredno > Onemogoči prevajalnik ali z dodatkom \"Disable compiler in editor\".",
        "noResults": "Ni rezultatov.",
        "presets": "Prednastavitve",
        "reset": "Ponastavi",
        "resetAll": "Ponastavi vse",
        "search": "Iskanje",
        "tagDanger": "Nevarno",
        "tagNew": "Novo!",
        "tagRecommended": "Priporočeno",
        "tagTheme": "Tema",
        "title": "Nastavitve dodatkov",
        "unsupported": "Nekateri dodatki v tem brskalniku niso na voljo:"
    },
    "sr": {
        "addonFeedback": "Повратне информације о додацима",
        "confirmResetAll": "Да ли сте сигурни да желите да ресетујете сва подешавања додатака?",
        "credits": "Заслуге:",
        "dirtyButton": "Понов учитај",
        "enableDangerous": "Овај додатак је опасан и може намерно ОНЕМОГУЋИТИ функције. Већина корисника НЕ ТРЕБА користити овај додатак. Да ли сте сигурни да га желите укључити?",
        "export": "Извези подешавања",
        "groupDanger": "Опасно ({number})",
        "groupNew": "Ново ({number})",
        "groupOthers": "Остало ({number})",
        "import": "Увези подешавања",
        "noCompiler": "Овај додатак ради само кад је преводилац кода онемогућен кроз мени Напредно > Онемогући преводилац кода или користећи додатак \"Онемогући преводилац кода у едитору\".",
        "noResults": "Нема резултата.",
        "presets": "Унапред подешена подешавања",
        "reset": "Ресетуј",
        "resetAll": "Ресетуј све",
        "search": "Претражи",
        "tagBeta": "Бета",
        "tagDanger": "Опасно",
        "tagNew": "Ново!",
        "tagRecommended": "Препоручено",
        "tagTheme": "Тема",
        "title": "Подешавања додатака",
        "unsupported": "Неки додаци нису доступни у овом прегледачу:"
    },
    "sv": {
        "addonFeedback": "Tilläggsrespons",
        "confirmResetAll": "Är du säker på att du vill återställa alla tilläggsinställningar till standardvärdena?",
        "credits": "Krediter:",
        "dirty": "Ladda om flikarna för att tillämpa ändringar",
        "dirtyButton": "Ladda om nu",
        "enableDangerous": "Detta tillägget är farligt och kommer att STÄNGA AV funktioner. De flesta användarna ska INTE aktivera detta tillägg. Är du säker att aktivera det?",
        "export": "Exportera inställningar",
        "groupDanger": "Farliga ({number})",
        "groupNew": "Nytt ({number})",
        "groupOthers": "Andra ({number})",
        "import": "Importera inställningar",
        "noCompiler": "Detta tillägg funkar bara om kompilatorn är av genom att gå till Avancerat > Stäng av kompilator eller att använda \"Stäng av kompilatorn i editorn\" tillägget",
        "noResults": "Inga resutat",
        "presets": "Förinställningar",
        "reset": "Starta om",
        "resetAll": "Starta om allt",
        "search": "Sök",
        "tagDanger": "Farliga",
        "tagNew": "Nytt!",
        "tagRecommended": "Rekomenderat",
        "tagTheme": "Tema",
        "title": "Tilläggsinställningar",
        "unsupported": "Vissa tillägg är inte tillgängliga i den här webbläsaren:"
    },
    "tr": {
        "addonFeedback": "Eklenti geribildirim",
        "confirmResetAll": "Bütün eklenti ayarlarını varsayılan değerlerine sıfırlamak istediğinizden emin misiniz?",
        "credits": "Krediler:",
        "dirty": "Ayarı uygulamak için sekmeleri yeniden yükleyin.",
        "dirtyButton": "Şimdi yeniden yükle",
        "enableDangerous": "Bu eklenti tehlikelidir ve bilerek özellikleri DEVRE DIŞI BIRAKABİLİR. Çoğu kullanıcı bu eklentiyi ETKİNLEŞTİRMEMELİDİR. Etkinleştirmek istediğinizden emin misiniz?",
        "export": "Dışarıya aktarmak ayarları",
        "groupDanger": "Tehlikeli ({number})",
        "groupNew": "Yeni ({number})",
        "groupOthers": "Diğerler ({number})",
        "import": "İçeri aktarmak ayarları",
        "noCompiler": "Bu eklenti sadece derleyiciyi Gelişmiş > Derlemeyi Kapat yada Derlemeyi editörde kapat eklenti ile kapatırsan",
        "noResults": "Sonuçlar yok.",
        "presets": "Varsayılan ayarları",
        "reset": "Sıfırla",
        "resetAll": "Her şeyi sıfırla",
        "search": "Arama",
        "tagDanger": "Tehlikeli",
        "tagNew": "Yeni!",
        "tagRecommended": "Önerildi",
        "tagTheme": "Tema",
        "title": "Eklenti Ayarları",
        "unsupported": "Bazı eklentiler bu tarayıcıda kullanılamıyor:"
    },
    "uk": {
        "addonFeedback": "Відгук про доповнення",
        "confirmResetAll": "Ви впевнені, що хочете скинути усі налаштування доповненнь до встановлених за замовчуванням?",
        "credits": "Подяка:",
        "dirty": "Перезавантажте вкладки, щоб застосувати налаштування.",
        "dirtyButton": "Перезавантажити зараз",
        "enableDangerous": "Це доповнення небезпечне та може навмисно ВИМИКАТИ деякі функції. Більшості користувачам НЕ СЛІД вмикати цю функцію. Ви дійсно хочите увімкнути це?",
        "export": "Експортувати налаштування",
        "groupDanger": "Небезпечні ({number})",
        "groupNew": "Нові ({number})",
        "groupOthers": "Інші ({number})",
        "import": "Імпортувати налаштування",
        "noCompiler": "Це доповнення працює тільки тоді, коли компілятор вимкнено, вимкніть компілятор в меню \"Розширені\" або використовуйте доповнення \"Вимкнути компілятор в редакторі\".",
        "noResults": "Немає результатів.",
        "presets": "Попередні налаштування",
        "reset": "Скинути",
        "resetAll": "Скинути все",
        "search": "Пошук",
        "tagBeta": "Бета",
        "tagDanger": "Небезпечно",
        "tagNew": "Нове!",
        "tagRecommended": "Рекомендовано",
        "tagTheme": "Тема",
        "title": "Налаштування доповненнь",
        "unsupported": "Деякі доповнення недоступні в цьому браузері:"
    },
    "vi": {
        "addonFeedback": "Phản hồi",
        "confirmResetAll": "Bạn có chắc khi chỉnh lại tất cả các cài đặt addon về giá trị mặc định không?",
        "credits": "Tác giả:",
        "dirtyButton": "Tải lại ngay bây giờ",
        "enableDangerous": "Addon này nguy hiểm và có thể cố ý VÔ HIỆU HOÁ các tính năng. Hầu hết người dùng KHÔNG NÊN bật addon này. Bạn có chắc khi bật addon này chứ?",
        "export": "Xuất cài đặt",
        "groupDanger": "Nguy hiểm ({number})",
        "groupNew": "Mới ({number})",
        "groupOthers": "Còn lại ({number})",
        "import": "Tải lên cài đặt",
        "noResults": "Không có kết quả.",
        "presets": "Cài đặt cho trước",
        "reset": "Cài Đặt Lại",
        "resetAll": "Cài Đặt lại tất cả",
        "search": "Tìm kiếm",
        "tagDanger": "Nguy hiểm",
        "tagNew": "Mới!",
        "tagRecommended": "Khuyên dùng",
        "tagTheme": "Chủ đề",
        "title": "Cài Đặt Addon",
        "unsupported": "Một vài addons không khả dụng ở trong trình duệt này:"
    },
    "zh-cn": {
        "addonFeedback": "插件反馈",
        "confirmResetAll": "你确定要将所有插件设置重置为默认值吗？",
        "credits": "鸣谢：",
        "dirty": "重新加载选项卡以应用设置。",
        "dirtyButton": "重新加载",
        "enableDangerous": "此插件存在潜在的风险，可能会禁用某些功能。大多数用户不应启用此加插件。您确定要启用它吗？",
        "export": "导出设置",
        "groupDanger": "危险（{number}）",
        "groupNew": "最新（{number}）",
        "groupOthers": "其他（{number}）",
        "import": "导入设置",
        "noCompiler": "这个插件只有在通过高级 > 禁用编译器选项或使用“在编辑器中禁用编译器”插件禁用编译器的情况下才能正常运行。",
        "noResults": "没有相符的结果。",
        "presets": "预设",
        "reset": "重置",
        "resetAll": "全部重置",
        "search": "搜索",
        "tagBeta": "测试",
        "tagDanger": "危险",
        "tagNew": "新上架！",
        "tagRecommended": "推荐",
        "tagTheme": "外观",
        "title": "插件设置",
        "unsupported": "某些插件在此浏览器中不可用："
    },
    "zh-tw": {
        "addonFeedback": "附加元件回饋",
        "confirmResetAll": "你確定要重設所有附件設定？",
        "credits": "感謝：",
        "dirtyButton": "重新載入",
        "export": "匯出設定",
        "groupDanger": "危險（{number}）",
        "groupNew": "全新（{number}）",
        "groupOthers": "其他（{number}）",
        "import": "匯入設定",
        "noResults": "沒有相符的結果。",
        "presets": "預設",
        "reset": "重設",
        "resetAll": "全部重設",
        "search": "搜尋……",
        "tagBeta": "測試",
        "tagDanger": "危險",
        "tagNew": "全新",
        "tagRecommended": "推薦",
        "tagTheme": "外觀",
        "title": "附件設定",
        "unsupported": "下列附加元件在此瀏覽器不可用："
    }
}