{
    "_general/blocks/anticlockwise": "anti-clockwise",
    "_general/blocks/clockwise": "clockwise",
    "_general/blocks/green-flag": "flag",
    "editor-devtools/clean-plus": "Clean up Blocks +",
    "editor-devtools/copy-all": "Copy All",
    "editor-devtools/copy-block": "Copy Block",
    "editor-devtools/cut-block": "Cut Block",
    "editor-devtools/lists": "lists",
    "editor-devtools/make-space": "Make Space",
    "editor-devtools/orphaned": "{count, plural, one {Developer tools: Delete 1 orphaned reporter block?} other {Developer tools: Delete # orphaned reporter blocks?} }",
    "editor-devtools/paste": "Paste",
    "editor-devtools/replace": "Developer tools: Switch all {name} in this sprite for the variable named:",
    "editor-devtools/swap": "Swap {var} in Sprite",
    "editor-devtools/unused-list": "{count, plural, one {Developer tools: Delete 1 unused local list? Here it is:\n} other {Developer tools: Delete # unused local lists? Here they are:\n} }",
    "editor-devtools/unused-var": "{count, plural, one {Developer tools: Delete 1 unused local variable? Here it is:\n} other {Developer tools: Delete # unused local variables? Here they are:\n} }",
    "editor-devtools/var-not-exist": "That variable does not exist...",
    "editor-devtools/variables": "variables",
    "find-bar/complex-broadcast": "(expression)",
    "find-bar/event": "event {name}",
    "find-bar/find-placeholder": "Find (Ctrl+F)",
    "find-bar/list-global": "LIST {name}",
    "find-bar/list-local": "list {name}",
    "find-bar/var-global": "VAR {name}",
    "find-bar/var-local": "var {name}",
    "middle-click-popup/start-typing": "Start Typing...",
    "editor-searchable-dropdowns/createBroadcast": "Create message \"{name}\"",
    "editor-searchable-dropdowns/createGlobalList": "Create list \"{name}\" for all sprites",
    "editor-searchable-dropdowns/createGlobalVariable": "Create variable \"{name}\" for all sprites",
    "editor-searchable-dropdowns/createLocalList": "Create list \"{name}\" for this sprite only",
    "editor-searchable-dropdowns/createLocalVariable": "Create variable \"{name}\" for this sprite only",
    "data-category-tweaks-v2/for-all-sprites": "For all sprites:",
    "data-category-tweaks-v2/for-this-sprite-only": "For this sprite only:",
    "data-category-tweaks-v2/list-category": "Lists",
    "hide-flyout/lock": "Lock Palette",
    "hide-flyout/unlock": "Unlock Palette",
    "mediarecorder/cancel": "Cancel",
    "mediarecorder/click-flag": "Waiting...",
    "mediarecorder/click-flag-description": "Click the green flag to start recording. Click this button to stop.",
    "mediarecorder/option-title": "Record Options",
    "mediarecorder/record": "Record",
    "mediarecorder/record-after-flag": "Do not start recording until the Green Flag is clicked",
    "mediarecorder/record-audio": "Include project sounds",
    "mediarecorder/record-audio-description": "This does not include Text-to-Speech.",
    "mediarecorder/record-description": "Record the stage as a {extension} file. You can save it to your computer after the recording is finished.\nNote: variable and list monitors will not be visible.",
    "mediarecorder/record-duration": "Record Duration (in seconds)",
    "mediarecorder/record-mic": "Include sounds from microphone",
    "mediarecorder/record-until-stop": "Stop recording after the project has stopped",
    "mediarecorder/record-until-stop-disabled": "You need to enable \"{afterFlagOption}\" to use this option.",
    "mediarecorder/start": "Start",
    "mediarecorder/start-delay": "Start Delay (in seconds)",
    "mediarecorder/starting-in": "Starting in {secs}...",
    "mediarecorder/stop": "Stop Recording",
    "debugger/block-breakpoint": "breakpoint",
    "debugger/block-error": "error %s",
    "debugger/block-log": "log %s",
    "debugger/block-warn": "warn %s",
    "debugger/cannot-pause-player": "Breakpoint block can only be used while on the editor.",
    "debugger/clear": "Clear",
    "debugger/clone-of": "Clone of {sprite}",
    "debugger/close": "Close",
    "debugger/console": "Logs",
    "debugger/debug": "Debug",
    "debugger/empty-string": "(empty string)",
    "debugger/enter-format": "Enter export format:",
    "debugger/export": "Export",
    "debugger/export-desc": "Click while holding Shift to customize export format.",
    "debugger/icon-error": "Error",
    "debugger/icon-warn": "Warning",
    "debugger/log-msg-broadcasted": "Broadcasted '{broadcast}'.",
    "debugger/log-msg-clone-cap": "Failed to create clone of '{sprite}', cannot create over 300 clones.",
    "debugger/log-msg-clone-created": "Created clone of '{sprite}'.",
    "debugger/log-msg-flag-clicked": "Green flag clicked.",
    "debugger/no-logs": "There are no logs to display.",
    "debugger/no-threads-running": "No threads running.",
    "debugger/performance-clonecount-graph-tooltip": "Clones: {clones}",
    "debugger/performance-clonecount-title": "Clones",
    "debugger/performance-framerate-graph-tooltip": "FPS: {fps}",
    "debugger/performance-framerate-title": "FPS",
    "debugger/step": "Step",
    "debugger/step-desc": "Executes one block.",
    "debugger/tab-logs": "Logs",
    "debugger/tab-performance": "Performance",
    "debugger/tab-threads": "Threads",
    "debugger/thread": "Thread {id}",
    "debugger/unknown-sprite": "(unknown sprite)",
    "debugger/unpause": "Resume",
    "pause/pause": "Pause",
    "pause/play": "Resume",
    "clones/clones": "clones: {cloneCount}",
    "color-picker/hex": "hex color",
    "remove-sprite-confirm/confirm": "Do you want to delete the sprite?",
    "block-count/blocks": "{num, plural, one {1 block} other {# blocks}}",
    "onion-skinning/behind": "Behind",
    "onion-skinning/front": "Front",
    "onion-skinning/layering": "Layering",
    "onion-skinning/merge": "Merge",
    "onion-skinning/mode": "Mode",
    "onion-skinning/next": "Next costumes",
    "onion-skinning/opacity": "Opacity (%)",
    "onion-skinning/opacityStep": "Opacity step (%)",
    "onion-skinning/previous": "Previous costumes",
    "onion-skinning/settings": "Onion Skinning Settings",
    "onion-skinning/tint": "Tint",
    "onion-skinning/toggle": "Toggle Onion Skinning",
    "paint-snap/boxCenter": "Center of selection",
    "paint-snap/boxCorners": "Corners of selection",
    "paint-snap/boxEdgeMids": "Selection edge midpoints",
    "paint-snap/objectCenters": "Centers of objects",
    "paint-snap/objectCorners": "Corners of objects",
    "paint-snap/objectEdges": "Edges of objects",
    "paint-snap/objectMidlines": "Midlines of objects",
    "paint-snap/off": "Off",
    "paint-snap/on": "On",
    "paint-snap/pageAxes": "Page x and y axes",
    "paint-snap/pageCenter": "Center of the page",
    "paint-snap/pageCorners": "Corners of the page",
    "paint-snap/pageEdges": "Edges of the page",
    "paint-snap/settings": "Snap Settings",
    "paint-snap/snapFrom": "Snap from:",
    "paint-snap/snapTo": "Snap to:",
    "paint-snap/threshold": "Snapping distance",
    "paint-snap/toggle": "Toggle Snapping",
    "2d-color-picker/shade": "Shade",
    "better-img-uploads/upload": "HD Upload",
    "variable-manager/for-all-sprites": "Variables for all sprites",
    "variable-manager/for-this-sprite": "Variables for this sprite",
    "variable-manager/search": "Search",
    "variable-manager/too-big": "Click to display very large value.",
    "variable-manager/variables": "Variables",
    "search-sprites/placeholder": "Search sprites...",
    "sprite-properties/close-properties-panel-tooltip": "Collapse properties panel",
    "sprite-properties/open-properties-panel-tooltip": "Open properties panel",
    "gamepad/axes-a-b": "Axes {a} & {b}",
    "gamepad/axis-arrows": "Arrow Keys",
    "gamepad/axis-cursor": "Cursor",
    "gamepad/axis-custom": "Custom",
    "gamepad/axis-none": "None",
    "gamepad/browser-support": "This browser and operating system have known bugs that may make this addon difficult to use. Try another browser if you encounter problems.",
    "gamepad/button-n": "Button {n}",
    "gamepad/clear": "Clear all controls",
    "gamepad/config-header": "This comment contains configuration for gamepad support in third-party tools or websites such as https://turbowarp.org/\nDo not edit by hand",
    "gamepad/key-click": "Click",
    "gamepad/key-down": "Down",
    "gamepad/key-enter": "Enter",
    "gamepad/key-left": "Left",
    "gamepad/key-none": "(none)",
    "gamepad/key-right": "Right",
    "gamepad/key-space": "Space",
    "gamepad/key-up": "Up",
    "gamepad/keyinput-title": "Click and press a key or click to change button. Escape to cancel. Backspace or delete to clear.",
    "gamepad/no-controllers": "No controllers detected. Try plugging one in and pressing a button on it.",
    "gamepad/reset": "Reset all controls to project defaults",
    "gamepad/settings": "Gamepad Settings",
    "gamepad/store-in-project": "Store the mappings set above inside the project. After saving the project, these mappings will become the new default configuration.",
    "folders/add-to-folder": "add to folder: {folder}",
    "folders/closed-folder": "Folder",
    "folders/confirm-backpack-folder": "Save entire folder to backpack?",
    "folders/create-folder": "create folder",
    "folders/name-not-allowed": "Invalid folder name",
    "folders/name-prompt": "Name of folder:",
    "folders/name-prompt-title": "Create Folder",
    "folders/open-folder": "Opened",
    "folders/remove-folder": "remove folder",
    "folders/remove-from-folder": "remove from folder",
    "folders/rename-folder": "rename folder",
    "folders/rename-folder-prompt": "Rename folder to:",
    "folders/rename-folder-prompt-title": "Rename Folder",
    "block-switching/control_forever": "forever",
    "block-switching/control_if": "if",
    "block-switching/control_if_else": "if... else",
    "block-switching/control_repeat_until": "repeat until",
    "block-switching/control_wait_until": "wait until",
    "block-switching/data_changevariableby": "change variable",
    "block-switching/data_deletealloflist": "delete all",
    "block-switching/data_deleteoflist": "delete item",
    "block-switching/data_hidelist": "hide list",
    "block-switching/data_hidevariable": "hide variable",
    "block-switching/data_insertatlist": "insert item",
    "block-switching/data_replaceitemoflist": "replace item",
    "block-switching/data_setvariableto": "set variable",
    "block-switching/data_showlist": "show list",
    "block-switching/data_showvariable": "show variable",
    "block-switching/debugger_error": "error",
    "block-switching/debugger_log": "log",
    "block-switching/debugger_warn": "warn",
    "block-switching/event_broadcast": "broadcast",
    "block-switching/event_broadcastandwait": "broadcast and wait",
    "block-switching/looks_backdropnumbername": "backdrop number or name",
    "block-switching/looks_changeeffectby": "change effect",
    "block-switching/looks_changesizeby": "change size",
    "block-switching/looks_costumenumbername": "costume number or name",
    "block-switching/looks_goforwardbackwardlayers": "go forward or backward layers",
    "block-switching/looks_gotofrontback": "go to front or back layer",
    "block-switching/looks_hide": "hide",
    "block-switching/looks_nextbackdrop": "next backdrop",
    "block-switching/looks_nextcostume": "next costume",
    "block-switching/looks_say": "say",
    "block-switching/looks_sayforsecs": "say for seconds",
    "block-switching/looks_seteffectto": "set effect",
    "block-switching/looks_setsizeto": "set size",
    "block-switching/looks_show": "show",
    "block-switching/looks_switchbackdropto": "switch backdrop",
    "block-switching/looks_switchbackdroptoandwait": "switch backdrop and wait",
    "block-switching/looks_think": "think",
    "block-switching/looks_thinkforsecs": "think for seconds",
    "block-switching/motion_changexby": "change x",
    "block-switching/motion_changeyby": "change y",
    "block-switching/motion_setx": "set x",
    "block-switching/motion_sety": "set y",
    "block-switching/motion_turnleft": "turn left",
    "block-switching/motion_turnright": "turn right",
    "block-switching/motion_xposition": "x position",
    "block-switching/motion_yposition": "y position",
    "block-switching/music_changeTempo": "change tempo",
    "block-switching/music_setTempo": "set tempo",
    "block-switching/operator_add": "+",
    "block-switching/operator_and": "and",
    "block-switching/operator_divide": "/",
    "block-switching/operator_equals": "=",
    "block-switching/operator_gt": ">",
    "block-switching/operator_lt": "<",
    "block-switching/operator_mod": "mod",
    "block-switching/operator_multiply": "*",
    "block-switching/operator_or": "or",
    "block-switching/operator_subtract": "-",
    "block-switching/pen_changePenColorParamBy": "change parameter",
    "block-switching/pen_changePenHueBy": "change hue",
    "block-switching/pen_changePenShadeBy": "change shade",
    "block-switching/pen_changePenSizeBy": "change size",
    "block-switching/pen_penDown": "pen down",
    "block-switching/pen_penUp": "pen up",
    "block-switching/pen_setPenColorParamTo": "set parameter",
    "block-switching/pen_setPenHueToNumber": "set hue",
    "block-switching/pen_setPenShadeToNumber": "set shade",
    "block-switching/pen_setPenSizeTo": "set size",
    "block-switching/sensing_coloristouchingcolor": "color touching color",
    "block-switching/sensing_mousex": "mouse x",
    "block-switching/sensing_mousey": "mouse y",
    "block-switching/sensing_touchingcolor": "touching color",
    "block-switching/sound_changeeffectby": "change effect",
    "block-switching/sound_changevolumeby": "change volume",
    "block-switching/sound_play": "start",
    "block-switching/sound_playuntildone": "play until done",
    "block-switching/sound_seteffectto": "set effect",
    "block-switching/sound_setvolumeto": "set volume",
    "copy-reporter/copy-to-clipboard": "Copy",
    "copy-reporter/copy-value": "copy value",
    "blocks2image/error_blocks_not_added": "Add blocks to workspace!",
    "blocks2image/export_all_to_PNG": "Export all as PNG",
    "blocks2image/export_all_to_SVG": "Export all as SVG",
    "blocks2image/export_selected_to_PNG": "Export block as PNG",
    "blocks2image/export_selected_to_SVG": "Export block as SVG",
    "editor-extra-keys/enter-key": "enter",
    "move-to-top-bottom/bottom": "move to bottom",
    "move-to-top-bottom/top": "move to top",
    "move-to-top-layer/move-to-front-layer": "move to front layer",
    "rename-broadcasts/RENAME_BROADCAST": "Rename message",
    "rename-broadcasts/RENAME_BROADCAST_MODAL_TITLE": "Rename Message",
    "rename-broadcasts/RENAME_BROADCAST_TITLE": "Rename all \"{name}\" messages to:",
    "swap-local-global/cant-convert-cloud": "Cloud variables can't be converted to this sprite only.",
    "swap-local-global/cant-convert-conflict": "Can't convert because it would conflict with variables in another sprite: {sprites}",
    "swap-local-global/cant-convert-stage": "The stage can't have variables for this sprite only.",
    "swap-local-global/cant-convert-to-local": "Can't convert because it's used by multiple sprites: {sprites}",
    "swap-local-global/cant-convert-used-elsewhere": "Can't convert because it's used by another sprite: {sprite}",
    "swap-local-global/edit": "Edit properties:",
    "swap-local-global/edit-list-header": "Edit List",
    "swap-local-global/edit-list-option": "Rename or edit list",
    "swap-local-global/edit-variable-header": "Edit Variable",
    "swap-local-global/edit-variable-option": "Rename or edit variable",
    "swap-local-global/to-global": "Convert to \"For all sprites\"",
    "swap-local-global/to-local": "Convert to \"For this sprite only\"",
    "hide-stage/hide-stage": "Hide stage"
}