{
    "_general/blocks/anticlockwise": "vastapäivään",
    "_general/blocks/clockwise": "myötäpäivään",
    "_general/blocks/green-flag": "lippu",
    "editor-devtools/clean-plus": "Siivoa lohkot +",
    "editor-devtools/copy-all": "Kopioi kaikki",
    "editor-devtools/copy-block": "Kopioi lohko",
    "editor-devtools/cut-block": "Leikkaa lohko",
    "editor-devtools/lists": "listalohkot",
    "editor-devtools/make-space": "Tee tilaa",
    "editor-devtools/orphaned": "{count, plural, one {Kehittäjän työkalut: Poistetaanko 1 yksin jätetty ilmoituslohko?} other {Kehittäjän työkalut: Poistetaanko # yksin jätettyä ilmoituslohkoa?} }",
    "editor-devtools/paste": "Liitä",
    "editor-devtools/replace": "Kehittäjän työkalut: Muuta kaikki tämän hahmon koodissa käytetyt {name} -nimiset muuttujat muuttujaksi nimeltä:",
    "editor-devtools/swap": "Vaihda hahmon koodissa käytetyt {var}",
    "editor-devtools/unused-list": "{count, plural, one {Kehittäjän työkalut: Poistetaanko 1 käyttämätön lista? Se on tässä:\n} other {Kehittäjän työkalut: Poistetaanko # käyttämätöntä listaa? Ne ovat tässä:\n} }",
    "editor-devtools/unused-var": "{count, plural, one {Kehittäjän työkalut: Poistetaanko 1 käyttämätön muuttuja? Se on tässä:\n} other {Kehittäjän työkalut: Poistetaanko # käyttämätöntä muuttujaa? Ne ovat tässä:\n} }",
    "editor-devtools/var-not-exist": "Tätä muuttujaa ei ole olemassa...",
    "editor-devtools/variables": "muuttujalohkot",
    "find-bar/complex-broadcast": "(lauseke)",
    "find-bar/event": "tapahtuma {name}",
    "find-bar/find-placeholder": "Etsi (Ctrl+F)",
    "find-bar/list-global": "LISTA {name}",
    "find-bar/list-local": "lista {name}",
    "find-bar/var-global": "MUUTTUJA {name}",
    "find-bar/var-local": "muuttuja {name}",
    "middle-click-popup/start-typing": "Aloita kirjoittaminen...",
    "editor-searchable-dropdowns/createBroadcast": "Luo viesti \"{name}\"",
    "editor-searchable-dropdowns/createGlobalList": "Luo lista \"{name}\" kaikille hahmoille",
    "editor-searchable-dropdowns/createGlobalVariable": "Luo muuttuja \"{name}\" kaikille hahmoille",
    "editor-searchable-dropdowns/createLocalList": "Luo lista \"{name}\" vain tälle hahmolle",
    "editor-searchable-dropdowns/createLocalVariable": "Luo muuttuja \"{name}\" vain tälle hahmolle",
    "data-category-tweaks-v2/for-all-sprites": "Kaikille hahmoille:",
    "data-category-tweaks-v2/for-this-sprite-only": "Vain tälle hahmolle:",
    "data-category-tweaks-v2/list-category": "Listat",
    "hide-flyout/lock": "Lukitse paletti",
    "hide-flyout/unlock": "Poista paletin lukitus",
    "mediarecorder/cancel": "Peru",
    "mediarecorder/click-flag": "Odotetaan...",
    "mediarecorder/click-flag-description": "Aloita nauhoittaminen klikkaamalla vihreää lippua. Pysäytä napauttamalla tätä painiketta.",
    "mediarecorder/option-title": "Nauhoitusasetukset",
    "mediarecorder/record": "Nauhoita",
    "mediarecorder/record-after-flag": "Älä aloita nauhoitusta ennen kuin vihreää lippua on klikattu.",
    "mediarecorder/record-audio": "Sisällytä projektin äänet",
    "mediarecorder/record-audio-description": "Tämä ei sisällä teksti puheeksi -toimintoa.",
    "mediarecorder/record-description": "Nauhoita esiintymislavaa {extension}-tiedostona. Voit tallentaa nauhoiteen tietokoneellesi, kun nauhoitus on lopetettu.\nHuomaa: muuttujien ja listojen näyttimet eivät ole näkyvissä.",
    "mediarecorder/record-duration": "Nauhoituksen kesto (sekunteina)",
    "mediarecorder/record-mic": "Sisällytä mikrofonin äänet",
    "mediarecorder/record-until-stop": "Lopeta nauhoittaminen projektin päättymisen jälkeen.",
    "mediarecorder/record-until-stop-disabled": "Sinun täytyy ottaa käyttöön \"{afterFlagOption}\" -toiminto, jotta voit käyttää tätä toimintoa.",
    "mediarecorder/start": "Aloita",
    "mediarecorder/start-delay": "Alkuviive (sekunteina)",
    "mediarecorder/starting-in": "Alkaa {secs} sekunnissa... ",
    "mediarecorder/stop": "Lopeta nauhoitus",
    "debugger/block-breakpoint": "keskeytyskohta",
    "debugger/block-error": "kirjaa virhe %s",
    "debugger/block-log": "kirjaa lokimerkintä %s",
    "debugger/block-warn": "kirjaa varoitus %s",
    "debugger/cannot-pause-player": "Keskeytyskohtalohkoa voidaan käyttää vain editorissa.",
    "debugger/clear": "Tyhjennä",
    "debugger/clone-of": "Klooni hahmosta {sprite}",
    "debugger/close": "Sulje",
    "debugger/console": "Lokimerkinnät",
    "debugger/debug": "Virheenkorjaus",
    "debugger/empty-string": "(tyhjä merkkijono)",
    "debugger/enter-format": "Anna latausformaatti:",
    "debugger/export": "Lataa",
    "debugger/export-desc": "Muokkaa latausformaattia napauttamalla samalla, kun pidät vaihtonäppäintä painettuna.",
    "debugger/icon-error": "Virhe",
    "debugger/icon-warn": "Varoitus",
    "debugger/log-msg-broadcasted": "Viesti '{broadcast}' lähetettiin.",
    "debugger/log-msg-clone-cap": "Kloonin luominen hahmosta '{sprite}' epäonnistui, yli 300 kloonia ei voi luoda.",
    "debugger/log-msg-clone-created": "Klooni hahmosta '{sprite}' luotu.",
    "debugger/log-msg-flag-clicked": "Vihreää lippua klikattu.",
    "debugger/no-logs": "Näytettäviä lokimerkintöjä ei ole.",
    "debugger/no-threads-running": "Ei säikeitä käynnissä.",
    "debugger/performance-clonecount-graph-tooltip": "Kloonit: {clones}",
    "debugger/performance-clonecount-title": "Kloonit",
    "debugger/performance-framerate-graph-tooltip": "Kuvataajuus: {fps} ruutua sekunnissa",
    "debugger/performance-framerate-title": "Kuvataajuus",
    "debugger/step": "Vaihe",
    "debugger/step-desc": "Suorittaa yhden lohkon.",
    "debugger/tab-logs": "Lokimerkinnät",
    "debugger/tab-performance": "Suorituskyky",
    "debugger/tab-threads": "Säikeet",
    "debugger/thread": "Säie {id}",
    "debugger/unknown-sprite": "(tuntematon hahmo)",
    "debugger/unpause": "Jatka",
    "pause/pause": "Keskeytä",
    "pause/play": "Jatka",
    "clones/clones": "kloonit: {cloneCount}",
    "color-picker/hex": "heksadesimaaliväri",
    "remove-sprite-confirm/confirm": "Tahdotko poistaa hahmon?",
    "block-count/blocks": "{num, plural, one {1 lohko} other {# lohkoa}}",
    "onion-skinning/behind": "Taakse",
    "onion-skinning/front": "Eteen",
    "onion-skinning/layering": "Kerrostus",
    "onion-skinning/merge": "Yhdistä",
    "onion-skinning/mode": "Tila",
    "onion-skinning/next": "Seuraavat asusteet",
    "onion-skinning/opacity": "Peittävyys (%)",
    "onion-skinning/opacityStep": "Peittävyysvaihe (%)",
    "onion-skinning/previous": "Edelliset asusteet",
    "onion-skinning/settings": "Sipulin kuorinnan asetukset",
    "onion-skinning/tint": "Värjää",
    "onion-skinning/toggle": "Vaihda sipulin kuorintaa",
    "paint-snap/boxCenter": "Valinnan keskipisteestä",
    "paint-snap/boxCorners": "Valinnan kulmista",
    "paint-snap/boxEdgeMids": "Valinnan reunojen keskipisteistä",
    "paint-snap/objectCenters": "Objektien keskipisteisiin",
    "paint-snap/objectCorners": "Objektien kulmiin",
    "paint-snap/objectEdges": "Objektien reunoihin",
    "paint-snap/objectMidlines": "Objektien keskilinjoille",
    "paint-snap/off": "Pois päältä",
    "paint-snap/on": "Päällä",
    "paint-snap/pageAxes": "Muokkausalueen x- ja y-koordinaatteihin",
    "paint-snap/pageCenter": "Muokkausalueen keskipisteeseen",
    "paint-snap/pageCorners": "Muokkausalueen kulmiin",
    "paint-snap/pageEdges": "Muokkausalueen reunoihin",
    "paint-snap/settings": "Kiinnityksen asetukset",
    "paint-snap/snapFrom": "Kiinnitä:",
    "paint-snap/snapTo": "Kiinnitä:",
    "paint-snap/threshold": "Kiinnitysetäisyys",
    "paint-snap/toggle": "Kytke kiinnittäminen päälle/pois",
    "2d-color-picker/shade": "Varjo",
    "better-img-uploads/upload": "HD-lataus",
    "variable-manager/for-all-sprites": "Kaikkien hahmojen muuttujat",
    "variable-manager/for-this-sprite": "Tämän hahmon muuttujat",
    "variable-manager/search": "Etsi",
    "variable-manager/too-big": "Näytä erittäin suuri arvo napauttamalla.",
    "variable-manager/variables": "Muuttujat",
    "search-sprites/placeholder": "Etsi hahmoja...",
    "sprite-properties/close-properties-panel-tooltip": "Kutista asetusruutu",
    "sprite-properties/open-properties-panel-tooltip": "Avaa asetusruutu",
    "gamepad/axes-a-b": "Akselit {a} ja {b}",
    "gamepad/axis-arrows": "Nuolinäppäimet",
    "gamepad/axis-cursor": "Kursori",
    "gamepad/axis-custom": "Mukautettu",
    "gamepad/axis-none": "Ei mitään",
    "gamepad/browser-support": "Tässä selaimessa ja käyttöjärjestelmässä on tiedossa olevia bugeja, jotka voivat vaikeuttaa tämän lisäosan käyttöä. Kokeile toista selainta, jos kohtaat ongelmia.",
    "gamepad/button-n": "Painike {n}",
    "gamepad/clear": "Tyhjennä kaikki ohjaimet",
    "gamepad/config-header": "Tämä kommentti sisältää peliohjaintuen määritykset kolmannen osapuolen työkaluissa tai verkkosivustoissa, kuten https://turbowarp.org/\nÄlä muokkaa käsin",
    "gamepad/key-click": "Napautus",
    "gamepad/key-down": "Alas",
    "gamepad/key-left": "Vasen",
    "gamepad/key-none": "(ei mitään)",
    "gamepad/key-right": "Oikea",
    "gamepad/key-space": "Välilyönti",
    "gamepad/key-up": "Ylös",
    "gamepad/keyinput-title": "Napauta ja paina näppäintä tai vaihda painiketta napauttamalla. Peru painamalla escape-painiketta. Tyhjennä backspace tai delete-painikkeilla.",
    "gamepad/no-controllers": "Ohjainta ei olla havaittu. Yritä kytkeä sellainen ja painaa sen painiketta.",
    "gamepad/reset": "Palauta kaikki ohjaimet projektin oletusasetuksiin",
    "gamepad/settings": "Peliohjainasetukset",
    "gamepad/store-in-project": "Säilytä yllä asetetut määritykset projektin sisällä. Projektin tallentamisen jälkeen näistä määrityksistä tulee uusi oletusrakenne.",
    "folders/add-to-folder": "lisää kansioon: {folder}",
    "folders/closed-folder": "Kansio",
    "folders/confirm-backpack-folder": "Tallennetaanko koko kansio reppuun?",
    "folders/create-folder": "luo kansio",
    "folders/name-not-allowed": "Kansion nimi ei ole kelvollinen.",
    "folders/name-prompt": "Kansion nimi:",
    "folders/name-prompt-title": "Luo kansio",
    "folders/open-folder": "Avattu",
    "folders/remove-folder": "poista kansio",
    "folders/remove-from-folder": "poista kansiosta",
    "folders/rename-folder": "nimeä kansio uudelleen",
    "folders/rename-folder-prompt": "Nimeä kansio uudelleen nimellä:",
    "folders/rename-folder-prompt-title": "Nimeä kansio uudelleen",
    "block-switching/control_forever": "ikuisesti",
    "block-switching/control_if": "jos",
    "block-switching/control_if_else": "jos... , niin tai muuten",
    "block-switching/control_repeat_until": "toista kunnes",
    "block-switching/control_wait_until": "odota kunnes",
    "block-switching/data_changevariableby": "lisää muuttujaan",
    "block-switching/data_deletealloflist": "poista kaikki",
    "block-switching/data_deleteoflist": "poista kohde",
    "block-switching/data_hidelist": "piilota lista",
    "block-switching/data_hidevariable": "piilota muuttuja",
    "block-switching/data_insertatlist": "lisää kohde listaan",
    "block-switching/data_replaceitemoflist": "korvaa listan kohde",
    "block-switching/data_setvariableto": "aseta muuttuja",
    "block-switching/data_showlist": "näytä lista",
    "block-switching/data_showvariable": "näytä muuttuja",
    "block-switching/debugger_error": "kirjaa virhe",
    "block-switching/debugger_log": "kirjaa lokimerkintä",
    "block-switching/debugger_warn": "kirjaa varoitus",
    "block-switching/event_broadcast": "lähetä",
    "block-switching/event_broadcastandwait": "lähetä ja odota",
    "block-switching/looks_backdropnumbername": "taustaluku tai -nimi",
    "block-switching/looks_changeeffectby": "lisää tehosteeseen",
    "block-switching/looks_changesizeby": "kasvata kokoa",
    "block-switching/looks_costumenumbername": "asusteluku tai -nimi",
    "block-switching/looks_goforwardbackwardlayers": "mene tasoja eteen- tai taaksepäin",
    "block-switching/looks_gotofrontback": "mene etu- tai taka-alalle",
    "block-switching/looks_hide": "piilota",
    "block-switching/looks_nextbackdrop": "seuraava tausta",
    "block-switching/looks_nextcostume": "seuraava asuste",
    "block-switching/looks_say": "sano",
    "block-switching/looks_sayforsecs": "sano sekuntien ajan",
    "block-switching/looks_seteffectto": "aseta tehoste",
    "block-switching/looks_setsizeto": "aseta koko",
    "block-switching/looks_show": "näytä",
    "block-switching/looks_switchbackdropto": "vaihda taustaksi",
    "block-switching/looks_switchbackdroptoandwait": "vaihda taustaksi ja odota",
    "block-switching/looks_think": "ajattele",
    "block-switching/looks_thinkforsecs": "ajattele sekuntien ajan",
    "block-switching/motion_changexby": "lisää x:n arvoon",
    "block-switching/motion_changeyby": "lisää y:n arvoon",
    "block-switching/motion_setx": "aseta x:n arvoksi",
    "block-switching/motion_sety": "aseta y:n arvoksi",
    "block-switching/motion_turnleft": "käänny vasemmalle",
    "block-switching/motion_turnright": "käänny oikealle",
    "block-switching/motion_xposition": "x-sijainti",
    "block-switching/motion_yposition": "y-sijainti",
    "block-switching/music_changeTempo": "lisää tempoa",
    "block-switching/music_setTempo": "aseta tempoksi",
    "block-switching/operator_and": "ja",
    "block-switching/operator_mod": "jakojäännös",
    "block-switching/operator_or": "tai",
    "block-switching/pen_changePenColorParamBy": "lisää parametrin arvoon",
    "block-switching/pen_changePenHueBy": "lisää värisävyyn",
    "block-switching/pen_changePenShadeBy": "lisää varjoon",
    "block-switching/pen_changePenSizeBy": "kasvata kokoa",
    "block-switching/pen_penDown": "kynä alas",
    "block-switching/pen_penUp": "kynä ylös",
    "block-switching/pen_setPenColorParamTo": "aseta parametri",
    "block-switching/pen_setPenHueToNumber": "aseta värisävyksi",
    "block-switching/pen_setPenShadeToNumber": "aseta varjoksi",
    "block-switching/pen_setPenSizeTo": "aseta koko",
    "block-switching/sensing_coloristouchingcolor": "koskettaako väri väriä",
    "block-switching/sensing_mousex": "hiiren x-sijainti",
    "block-switching/sensing_mousey": "hiiren y-sijainti",
    "block-switching/sensing_touchingcolor": "koskettaako väriä",
    "block-switching/sound_changeeffectby": "lisää tehostetta",
    "block-switching/sound_changevolumeby": "lisää äänenvoimakkuutta",
    "block-switching/sound_play": "soita",
    "block-switching/sound_playuntildone": "soita loppuun",
    "block-switching/sound_seteffectto": "aseta tehosteeksi",
    "block-switching/sound_setvolumeto": "aseta äänenvoimakkuudeksi",
    "copy-reporter/copy-to-clipboard": "Kopioi",
    "copy-reporter/copy-value": "kopioi arvo",
    "blocks2image/error_blocks_not_added": "Lisää lohkoja työtilaan!",
    "blocks2image/export_all_to_PNG": "Lataa kaikki PNG-kuvana",
    "blocks2image/export_all_to_SVG": "Lataa kaikki SVG-tiedostona",
    "blocks2image/export_selected_to_PNG": "Lataa lohko PNG-kuvana",
    "blocks2image/export_selected_to_SVG": "Lataa lohko SVG-tiedostona",
    "move-to-top-bottom/bottom": "siirrä alas",
    "move-to-top-bottom/top": "siirrä ylös",
    "move-to-top-layer/move-to-front-layer": "mene etualalle",
    "rename-broadcasts/RENAME_BROADCAST": "Nimeä viesti uudelleen",
    "rename-broadcasts/RENAME_BROADCAST_MODAL_TITLE": "Nimeä viesti uudelleen",
    "rename-broadcasts/RENAME_BROADCAST_TITLE": "Nimeä kaikki \"{name}\"-viestit uudelleen:",
    "swap-local-global/cant-convert-cloud": "Pilvimuuttujia ei voi muuntaa vain tälle hahmolle.",
    "swap-local-global/cant-convert-conflict": "Ei voida muuntaa, koska se olisi ristiriidassa toisen hahmon muuttujien kanssa: {sprites}",
    "swap-local-global/cant-convert-stage": "Esiintymislavalla ei voi olla muuttujia vain tälle hahmolle.",
    "swap-local-global/cant-convert-to-local": "Ei voida muuntaa, koska useat hahmot käyttävät sitä:{sprites}",
    "swap-local-global/cant-convert-used-elsewhere": "Ei voida muuntaa, koska toinen hahmo käyttää sitä: {sprite}",
    "swap-local-global/edit": "Muokkaa ominaisuuksia:",
    "swap-local-global/edit-list-header": "Muokkaa listaa",
    "swap-local-global/edit-list-option": "Nimeä lista uudelleen tai muokkaa sitä",
    "swap-local-global/edit-variable-header": "Muokkaa muuttujaa",
    "swap-local-global/edit-variable-option": "Nimeä muuttuja uudelleen tai muokkaa sitä",
    "swap-local-global/to-global": "Muunna \"Kaikille hahmoille\" -muotoon",
    "swap-local-global/to-local": "Muunna \"Vain tälle hahmolle\" -muotoon",
    "hide-stage/hide-stage": "Piilota esiintymislava"
}