{
    "_general/blocks/anticlockwise": "逆时针",
    "_general/blocks/clockwise": "顺时针",
    "_general/blocks/green-flag": "旗",
    "editor-devtools/clean-plus": "整理积木+",
    "editor-devtools/copy-all": "全部复制",
    "editor-devtools/copy-block": "复制积木",
    "editor-devtools/cut-block": "剪切积木",
    "editor-devtools/lists": "列表",
    "editor-devtools/make-space": "留出空间",
    "editor-devtools/orphaned": "{count, plural, other {} }",
    "editor-devtools/paste": "粘贴",
    "editor-devtools/replace": "开发者工具：将此角色中的所有 {name} 变量切换为：",
    "editor-devtools/swap": "交换角色中的 {var}",
    "editor-devtools/unused-list": "{count, plural, other {} }",
    "editor-devtools/unused-var": "{count, plural, other {} }",
    "editor-devtools/var-not-exist": "变量不存在……",
    "editor-devtools/variables": "变量",
    "find-bar/complex-broadcast": "（表达式）",
    "find-bar/event": "事件 {name}",
    "find-bar/find-placeholder": "查找（Ctrl+F）",
    "find-bar/list-global": "列表 {name}",
    "find-bar/list-local": "列表 {name}",
    "find-bar/var-global": "变量 {name}",
    "find-bar/var-local": "变量 {name}",
    "middle-click-popup/start-typing": "请输入……",
    "editor-searchable-dropdowns/createBroadcast": "创建消息“{name}”",
    "editor-searchable-dropdowns/createGlobalList": "为所有角色创建列表 {name}",
    "editor-searchable-dropdowns/createGlobalVariable": "为所有角色创建变量 {name}",
    "editor-searchable-dropdowns/createLocalList": "仅为当前角色创建列表 {name}",
    "editor-searchable-dropdowns/createLocalVariable": "仅为当前角色创建变量 {name}",
    "data-category-tweaks-v2/for-all-sprites": "适用于所有角色的变量：",
    "data-category-tweaks-v2/for-this-sprite-only": "仅适用于当前角色的变量：",
    "data-category-tweaks-v2/list-category": "列表",
    "hide-flyout/lock": "固定积木区",
    "hide-flyout/unlock": "取消固定积木区",
    "mediarecorder/cancel": "取消",
    "mediarecorder/click-flag": "等待……",
    "mediarecorder/click-flag-description": "点击绿旗开始录制，点击此按钮停止录制。",
    "mediarecorder/option-title": "录制选项",
    "mediarecorder/record": "录制",
    "mediarecorder/record-after-flag": "在绿旗未被点击前不开始录制",
    "mediarecorder/record-audio": "包含作品声音",
    "mediarecorder/record-audio-description": "这不包含文字转语音功能。",
    "mediarecorder/record-description": "录制舞台内容并保存为{extension}文件。你可以在录制结束后将它保存到你的电脑。\n注意：变量和列表显示器在录制时不可见。",
    "mediarecorder/record-duration": "录制时长（秒）",
    "mediarecorder/record-mic": "包含麦克风声音",
    "mediarecorder/record-until-stop": "在作品停止运行后停止录制",
    "mediarecorder/record-until-stop-disabled": "你需要开启“{afterFlagOption}”来使用该选项。",
    "mediarecorder/start": "开始",
    "mediarecorder/start-delay": "等待多久后开始（秒）",
    "mediarecorder/starting-in": "即将开始：{secs}...",
    "mediarecorder/stop": "停止录制",
    "debugger/block-breakpoint": "断点",
    "debugger/block-error": "错误 %s",
    "debugger/block-log": "日志 %s",
    "debugger/block-warn": "警告 %s",
    "debugger/cannot-pause-player": "断点积木只能在编辑器中使用。",
    "debugger/clear": "清除",
    "debugger/clone-of": "{sprite} 的克隆体",
    "debugger/close": "关闭",
    "debugger/console": "日志",
    "debugger/debug": "调试",
    "debugger/empty-string": "（空字符串）",
    "debugger/enter-format": "输入导出格式：",
    "debugger/export": "导出",
    "debugger/export-desc": "按住 Shift 同时点击以自定义导出格式。",
    "debugger/icon-error": "错误",
    "debugger/icon-warn": "警告",
    "debugger/log-msg-broadcasted": "广播了“{broadcast}”。",
    "debugger/log-msg-clone-cap": "无法创建“{sprite}”的克隆体，不能创建超过300个克隆体。",
    "debugger/log-msg-clone-created": "创建了“{sprite}”的克隆体。",
    "debugger/log-msg-flag-clicked": "绿旗被点击。",
    "debugger/no-logs": "没有可显示的日志。",
    "debugger/no-threads-running": "没有线程正在运行。",
    "debugger/performance-clonecount-graph-tooltip": "克隆体数量：{clones}",
    "debugger/performance-clonecount-title": "克隆体",
    "debugger/performance-framerate-graph-tooltip": "帧率: {fps}",
    "debugger/step": "执行一步",
    "debugger/step-desc": "执行一个积木。",
    "debugger/tab-logs": "日志",
    "debugger/tab-performance": "性能",
    "debugger/tab-threads": "线程",
    "debugger/thread": "线程 {id}",
    "debugger/unknown-sprite": "（未知角色）",
    "debugger/unpause": "继续",
    "pause/pause": "暂停",
    "pause/play": "继续",
    "clones/clones": "克隆体数量:{cloneCount}",
    "color-picker/hex": "16进制颜色",
    "remove-sprite-confirm/confirm": "你确定要删除这个角色吗？",
    "block-count/blocks": "{num, plural, other {# 个积木}}",
    "onion-skinning/behind": "在后面",
    "onion-skinning/front": "在前面",
    "onion-skinning/layering": "图层位置",
    "onion-skinning/merge": "合并",
    "onion-skinning/mode": "模式",
    "onion-skinning/next": "下一个造型",
    "onion-skinning/opacity": "透明度（%）",
    "onion-skinning/opacityStep": "不透明度步长（%）",
    "onion-skinning/previous": "前一个造型",
    "onion-skinning/settings": "洋葱皮设置",
    "onion-skinning/tint": "染色",
    "onion-skinning/toggle": "开/关洋葱皮模式",
    "paint-snap/boxCenter": "选中内容的中心",
    "paint-snap/boxCorners": "选中内容的角落",
    "paint-snap/boxEdgeMids": "选中内容的边缘中点",
    "paint-snap/objectCenters": "物体中心",
    "paint-snap/objectCorners": "物体角落",
    "paint-snap/objectEdges": "物体边缘",
    "paint-snap/objectMidlines": "物体中线",
    "paint-snap/off": "关",
    "paint-snap/on": "开",
    "paint-snap/pageAxes": "页面的x和y轴",
    "paint-snap/pageCenter": "页面中心",
    "paint-snap/pageCorners": "页面角落",
    "paint-snap/pageEdges": "页面边缘",
    "paint-snap/settings": "吸附设置",
    "paint-snap/snapFrom": "吸附：",
    "paint-snap/snapTo": "吸附到",
    "paint-snap/threshold": "吸附距离",
    "paint-snap/toggle": "开/关吸附",
    "2d-color-picker/shade": "阴影",
    "better-img-uploads/upload": "高清图片上传",
    "variable-manager/for-all-sprites": "所有角色的变量",
    "variable-manager/for-this-sprite": "当前角色的变量",
    "variable-manager/search": "搜索",
    "variable-manager/too-big": "单击显示非常大的值。",
    "variable-manager/variables": "变量",
    "search-sprites/placeholder": "搜索角色...",
    "sprite-properties/close-properties-panel-tooltip": "收起属性面板",
    "sprite-properties/open-properties-panel-tooltip": "打开属性面板",
    "gamepad/axes-a-b": "轴 {a} 和 {b}",
    "gamepad/axis-arrows": "箭头键",
    "gamepad/axis-cursor": "鼠标",
    "gamepad/axis-custom": "自定义",
    "gamepad/axis-none": "无",
    "gamepad/browser-support": "此浏览器和操作系统存在已知错误，可能使此插件难以使用。如果遇到问题，请尝试其他浏览器。",
    "gamepad/button-n": "按钮 {n}",
    "gamepad/clear": "清除设置",
    "gamepad/config-header": "此注释包含第三方工具或网站（例如 https://turbowarp.org/）中的游戏手柄支持配置\n请勿手动编辑",
    "gamepad/key-click": "点击",
    "gamepad/key-down": "下键",
    "gamepad/key-enter": "回车键",
    "gamepad/key-left": "左键",
    "gamepad/key-none": "（无）",
    "gamepad/key-right": "右键",
    "gamepad/key-space": "空格",
    "gamepad/key-up": "上键",
    "gamepad/keyinput-title": "单击并按下一个键或单击更改按钮。Esc 取消。Backspace 或 Delete 以清除。",
    "gamepad/no-controllers": "未检测到控制器。 尝试插入并按下一个按钮。",
    "gamepad/reset": "重置至作品默认设置",
    "gamepad/settings": "游戏手柄设置",
    "gamepad/store-in-project": "将上面设置的映射存储在作品中。保存作品后，这些映射将成为新的默认配置。",
    "folders/add-to-folder": "添加到文件夹：{folder}",
    "folders/closed-folder": "文件夹",
    "folders/confirm-backpack-folder": "将整个文件夹保存到背包？",
    "folders/create-folder": "创建文件夹",
    "folders/name-not-allowed": "无效的文件夹名称",
    "folders/name-prompt": "文件夹名称：",
    "folders/name-prompt-title": "创建文件夹",
    "folders/open-folder": "打开",
    "folders/remove-folder": "删除文件夹",
    "folders/remove-from-folder": "从文件夹中删除",
    "folders/rename-folder": "重命名文件夹",
    "folders/rename-folder-prompt": "将文件夹重命名为：",
    "folders/rename-folder-prompt-title": "重命名文件夹",
    "block-switching/control_forever": "重复执行",
    "block-switching/control_if": "如果",
    "block-switching/control_if_else": "如果... 否则",
    "block-switching/control_repeat_until": "重复执行直到",
    "block-switching/control_wait_until": "等待",
    "block-switching/data_changevariableby": "增加变量",
    "block-switching/data_deletealloflist": "删除所有",
    "block-switching/data_deleteoflist": "删除项目",
    "block-switching/data_hidelist": "隐藏列表",
    "block-switching/data_hidevariable": "隐藏变量",
    "block-switching/data_insertatlist": "插入项",
    "block-switching/data_replaceitemoflist": "替换项",
    "block-switching/data_setvariableto": "设置变量",
    "block-switching/data_showlist": "显示列表",
    "block-switching/data_showvariable": "显示变量",
    "block-switching/debugger_error": "报错",
    "block-switching/debugger_log": "日志",
    "block-switching/debugger_warn": "警告",
    "block-switching/event_broadcast": "广播",
    "block-switching/event_broadcastandwait": "广播并等待",
    "block-switching/looks_backdropnumbername": "背景编号或名称",
    "block-switching/looks_changeeffectby": "增加特效",
    "block-switching/looks_changesizeby": "增加大小",
    "block-switching/looks_costumenumbername": "造型编号或名称",
    "block-switching/looks_goforwardbackwardlayers": "前移或后移图层",
    "block-switching/looks_gotofrontback": "移到最前面",
    "block-switching/looks_hide": "隐藏",
    "block-switching/looks_nextbackdrop": "下一个背景",
    "block-switching/looks_nextcostume": "下一个造型",
    "block-switching/looks_say": "说",
    "block-switching/looks_sayforsecs": "说...几秒",
    "block-switching/looks_seteffectto": "设置特效",
    "block-switching/looks_setsizeto": "设置大小",
    "block-switching/looks_show": "显示",
    "block-switching/looks_switchbackdropto": "切换背景",
    "block-switching/looks_switchbackdroptoandwait": "切换背景并等待",
    "block-switching/looks_think": "思考",
    "block-switching/looks_thinkforsecs": "思考...几秒",
    "block-switching/motion_changexby": "增加 x",
    "block-switching/motion_changeyby": "增加 y",
    "block-switching/motion_setx": "设置 x",
    "block-switching/motion_sety": "设置 y",
    "block-switching/motion_turnleft": "左转",
    "block-switching/motion_turnright": "右转",
    "block-switching/motion_xposition": "x 坐标",
    "block-switching/motion_yposition": "y 坐标",
    "block-switching/music_changeTempo": "改变演奏速度",
    "block-switching/music_setTempo": "设置演奏速度",
    "block-switching/operator_and": "与",
    "block-switching/operator_mod": "取余数",
    "block-switching/operator_or": "或",
    "block-switching/pen_changePenColorParamBy": "增加参数",
    "block-switching/pen_changePenHueBy": "增加色调",
    "block-switching/pen_changePenShadeBy": "增加阴影",
    "block-switching/pen_changePenSizeBy": "增加大小",
    "block-switching/pen_penDown": "落笔",
    "block-switching/pen_penUp": "抬笔",
    "block-switching/pen_setPenColorParamTo": "设置参数",
    "block-switching/pen_setPenHueToNumber": "设置色调",
    "block-switching/pen_setPenShadeToNumber": "设置阴影",
    "block-switching/pen_setPenSizeTo": "设置大小",
    "block-switching/sensing_coloristouchingcolor": "颜色碰到颜色",
    "block-switching/sensing_mousex": "鼠标的x坐标",
    "block-switching/sensing_mousey": "鼠标的y坐标",
    "block-switching/sensing_touchingcolor": "碰到颜色",
    "block-switching/sound_changeeffectby": "增加特效",
    "block-switching/sound_changevolumeby": "增加音量",
    "block-switching/sound_play": "播放声音",
    "block-switching/sound_playuntildone": "播放声音等待播完",
    "block-switching/sound_seteffectto": "设置特效",
    "block-switching/sound_setvolumeto": "设置音量",
    "copy-reporter/copy-to-clipboard": "复制",
    "copy-reporter/copy-value": "复制值",
    "blocks2image/error_blocks_not_added": "添加积木到工作区！",
    "blocks2image/export_all_to_PNG": "导出积木栈为 PNG",
    "blocks2image/export_all_to_SVG": "导出积木栈为 SVG",
    "blocks2image/export_selected_to_PNG": "导出积木为 PNG",
    "blocks2image/export_selected_to_SVG": "导出积木为 SVG",
    "editor-extra-keys/enter-key": "回车",
    "move-to-top-bottom/bottom": "移到底部",
    "move-to-top-bottom/top": "移到顶部",
    "move-to-top-layer/move-to-front-layer": "移到最前面",
    "rename-broadcasts/RENAME_BROADCAST": "修改信息名",
    "rename-broadcasts/RENAME_BROADCAST_MODAL_TITLE": "修改信息名",
    "rename-broadcasts/RENAME_BROADCAST_TITLE": "将所有的“{name}”信息名改为：",
    "swap-local-global/cant-convert-cloud": "云变量不能被转换为“仅适用于当前角色”的变量。",
    "swap-local-global/cant-convert-conflict": "无法转换，因为会和其他角色中相同名字的变量冲突：{sprites}",
    "swap-local-global/cant-convert-stage": "舞台上不能有“仅适用于当前角色”的变量。",
    "swap-local-global/cant-convert-to-local": "无法转换，因为有其他角色也在使用这个变量：{sprites}",
    "swap-local-global/cant-convert-used-elsewhere": "无法转换，因为有另一个角色也在使用这个变量：{sprite}",
    "swap-local-global/edit": "编辑属性：",
    "swap-local-global/edit-list-header": "编辑列表",
    "swap-local-global/edit-list-option": "重命名或改变列表类型",
    "swap-local-global/edit-variable-header": "编辑变量",
    "swap-local-global/edit-variable-option": "重命名或改变变量类型",
    "swap-local-global/to-global": "转换为“适用于所有角色”",
    "swap-local-global/to-local": "转换为“仅适用于当前角色”",
    "hide-stage/hide-stage": "隐藏舞台"
}