{
    "editor-devtools/clean-plus": "整理積木 +",
    "editor-devtools/copy-all": "複製全部",
    "editor-devtools/copy-block": "複製積木",
    "editor-devtools/cut-block": "剪下積木",
    "editor-devtools/lists": "清單",
    "editor-devtools/make-space": "騰出空間",
    "editor-devtools/orphaned": "{count, plural, other {要刪除 # 個單獨存在的積木嗎？} }",
    "editor-devtools/paste": "貼上",
    "editor-devtools/replace": "將這個角色上的變數 {name} 全部替換成：",
    "editor-devtools/swap": "替換角色中的所有{var}",
    "editor-devtools/unused-list": "{count, plural, other {要刪除 # 個沒有用到的清單嗎？這些清單包含：\n} }",
    "editor-devtools/unused-var": "{count, plural, other {要刪除 # 個沒有用到的變數嗎？這些變數包含：\n} }",
    "editor-devtools/var-not-exist": "這個變數不存在…",
    "editor-devtools/variables": "變數",
    "find-bar/find-placeholder": "查找 (Ctrl+F)",
    "middle-click-popup/start-typing": "開始打字...",
    "editor-searchable-dropdowns/createBroadcast": "建立廣播訊息 {name}",
    "editor-searchable-dropdowns/createGlobalList": "建立全域清單 {name}",
    "editor-searchable-dropdowns/createGlobalVariable": "建立全域變數 {name} ",
    "editor-searchable-dropdowns/createLocalList": "建立區域清單 {name}",
    "editor-searchable-dropdowns/createLocalVariable": "建立區域變數 {name}",
    "data-category-tweaks-v2/for-all-sprites": "適用於所有角色：",
    "data-category-tweaks-v2/for-this-sprite-only": "僅適用於當前角色：",
    "data-category-tweaks-v2/list-category": "清單",
    "hide-flyout/lock": "固定工具箱",
    "hide-flyout/unlock": "取消固定工具箱",
    "mediarecorder/cancel": "取消",
    "mediarecorder/click-flag": "正在等待…",
    "mediarecorder/click-flag-description": "點擊綠旗就會開始錄製，點擊這個按鈕可以停止。",
    "mediarecorder/option-title": "錄製設定",
    "mediarecorder/record-after-flag": "在綠旗被點擊時才開始錄製",
    "mediarecorder/record-audio": "包含專案的聲音",
    "mediarecorder/record-audio-description": "這不包括文字轉語音的聲音。",
    "mediarecorder/record-duration": "錄製時長（秒）",
    "mediarecorder/record-mic": "包含來自麥克風的聲音",
    "mediarecorder/record-until-stop": "在停止專案運行時也停止錄製",
    "mediarecorder/record-until-stop-disabled": "你必須啟用「{afterFlagOption}」才可以設定這個項目。",
    "mediarecorder/start": "開始",
    "mediarecorder/start-delay": "開始時延遲（秒）",
    "mediarecorder/starting-in": "錄影倒數 {secs}...",
    "mediarecorder/stop": "停止錄影",
    "debugger/block-breakpoint": "中斷點",
    "debugger/block-error": "錯誤 %s",
    "debugger/block-log": "記錄 %s",
    "debugger/block-warn": "警告 %s",
    "debugger/cannot-pause-player": "中斷點積木只能在編輯器中使用。",
    "debugger/clear": "清除",
    "debugger/clone-of": "{sprite}的分身",
    "debugger/close": "關閉",
    "debugger/console": "紀錄",
    "debugger/debug": "偵錯",
    "debugger/empty-string": "（空字串）",
    "debugger/enter-format": "輸入匯出格式：",
    "debugger/export": "匯出",
    "debugger/export-desc": "按住 Shift 鍵並點擊以自訂匯出格式",
    "debugger/icon-error": "錯誤",
    "debugger/icon-warn": "警告",
    "debugger/log-msg-broadcasted": "廣播了訊息{broadcast}",
    "debugger/log-msg-clone-cap": "創建{sprite}的分身時失敗，分身的創建不能超過 300 個。",
    "debugger/log-msg-clone-created": "建立了{sprite}的分身。",
    "debugger/log-msg-flag-clicked": "綠旗被點擊。",
    "debugger/no-logs": "沒有可顯示的紀錄。",
    "debugger/no-threads-running": "沒有運行中的執行緒。",
    "debugger/performance-clonecount-graph-tooltip": "分身：{clones}",
    "debugger/performance-clonecount-title": "分身",
    "debugger/performance-framerate-graph-tooltip": "幀率：{fps}",
    "debugger/performance-framerate-title": "幀率",
    "debugger/step": "步進",
    "debugger/step-desc": "執行一個積木",
    "debugger/tab-logs": "紀錄",
    "debugger/tab-performance": "效能",
    "debugger/tab-threads": "執行緒",
    "debugger/thread": "執行緒 {id}",
    "debugger/unknown-sprite": "（未知角色）",
    "debugger/unpause": "繼續",
    "pause/pause": "暫停",
    "clones/clones": "分身數：{cloneCount}",
    "color-picker/hex": "hex 色碼",
    "remove-sprite-confirm/confirm": "確定要刪除這個角色？",
    "block-count/blocks": "{num, plural, other {# 個程式積木}}",
    "onion-skinning/behind": "在後面",
    "onion-skinning/front": "在前面",
    "onion-skinning/layering": "圖層排列",
    "onion-skinning/merge": "合併",
    "onion-skinning/mode": "顯示模式",
    "onion-skinning/next": "下一個造型",
    "onion-skinning/opacity": "透明度（%）",
    "onion-skinning/opacityStep": "透明漸進（%）",
    "onion-skinning/previous": "上一個造型",
    "onion-skinning/settings": "描圖紙設定",
    "onion-skinning/tint": "染色",
    "onion-skinning/toggle": "描圖紙顯示切換",
    "paint-snap/off": "關",
    "paint-snap/on": "開",
    "2d-color-picker/shade": "陰影",
    "better-img-uploads/upload": "高清圖片上傳",
    "variable-manager/for-all-sprites": "所有角色使用的變數",
    "variable-manager/for-this-sprite": "僅這個角色使用的變數",
    "variable-manager/search": "搜尋",
    "variable-manager/variables": "變數",
    "search-sprites/placeholder": "搜尋角色…",
    "gamepad/axes-a-b": "軸 {a} 與 {b}",
    "gamepad/axis-arrows": "方向鍵",
    "gamepad/axis-cursor": "滑鼠游標",
    "gamepad/axis-custom": "自訂",
    "gamepad/axis-none": "無",
    "gamepad/browser-support": "這個瀏覽器和操作系統有些已知錯誤，可能使這個插件難以使用，如果你碰到了一些問題，請試試其它的瀏覽器。",
    "gamepad/button-n": "按鈕 {n}",
    "gamepad/clear": "清空所有控制設置",
    "gamepad/config-header": "這個註解包含第三方工具或網站（如 https://turbowarp.org/）中的遊戲手柄配置。\n請勿手動修改",
    "gamepad/key-click": "點擊",
    "gamepad/key-down": "向下鍵",
    "gamepad/key-enter": "Enter 鍵",
    "gamepad/key-left": "向左鍵",
    "gamepad/key-none": "（無）",
    "gamepad/key-right": "向右鍵",
    "gamepad/key-space": "空白鍵",
    "gamepad/key-up": "向上鍵",
    "gamepad/keyinput-title": "點擊並按下一個鍵或單擊更改按鈕。ESC 鍵可取消。返回鍵或 Delete 鍵可刪除。",
    "gamepad/no-controllers": "未檢測到遊戲手柄，請在連接後再按一次按鈕。",
    "gamepad/reset": "重設所有控制設置到專案預設值",
    "gamepad/settings": "遊戲手柄設置",
    "folders/add-to-folder": "放進資料夾：{folder}",
    "folders/closed-folder": "資料夾",
    "folders/confirm-backpack-folder": "將整個資料夾放進背包？",
    "folders/create-folder": "創建資料夾",
    "folders/name-not-allowed": "無效的資料夾名稱",
    "folders/name-prompt": "資料夾名稱：",
    "folders/name-prompt-title": "創建資料夾",
    "folders/open-folder": "已開啟",
    "folders/remove-folder": "移除資料夾",
    "folders/remove-from-folder": "移出資料夾",
    "folders/rename-folder": "更名資料夾",
    "folders/rename-folder-prompt": "將資料夾重新命名為：",
    "folders/rename-folder-prompt-title": "重新命名資料夾",
    "block-switching/control_forever": "重複無限次",
    "block-switching/control_if": "如果",
    "block-switching/control_if_else": "如果…否則",
    "block-switching/control_repeat_until": "等待直到",
    "block-switching/control_wait_until": "等待直到",
    "block-switching/data_changevariableby": "變數改變",
    "block-switching/data_hidelist": "清單隱藏",
    "block-switching/data_hidevariable": "變數隱藏",
    "block-switching/data_insertatlist": "插入項目",
    "block-switching/data_replaceitemoflist": "替換項目",
    "block-switching/data_setvariableto": "變數設為",
    "block-switching/data_showlist": "清單顯示",
    "block-switching/data_showvariable": "變數顯示",
    "block-switching/debugger_error": "錯誤",
    "block-switching/debugger_log": "紀錄",
    "block-switching/debugger_warn": "警告",
    "block-switching/event_broadcast": "廣播訊息",
    "block-switching/event_broadcastandwait": "廣播訊息並等待",
    "block-switching/looks_backdropnumbername": "背景編號或名稱",
    "block-switching/looks_changeeffectby": "圖像效果改變",
    "block-switching/looks_changesizeby": "尺寸改變",
    "block-switching/looks_costumenumbername": "造型編號或名稱",
    "block-switching/looks_hide": "隱藏",
    "block-switching/looks_nextbackdrop": "背景換成下一個",
    "block-switching/looks_nextcostume": "造型換成下一個",
    "block-switching/looks_say": "說出",
    "block-switching/looks_sayforsecs": "說出持續",
    "block-switching/looks_seteffectto": "圖像效果設為",
    "block-switching/looks_setsizeto": "尺寸設為",
    "block-switching/looks_show": "顯示",
    "block-switching/looks_switchbackdropto": "背景換成",
    "block-switching/looks_switchbackdroptoandwait": "背景換成並等待",
    "block-switching/looks_think": "想著",
    "block-switching/looks_thinkforsecs": "想著持續",
    "block-switching/motion_changexby": "x 改變",
    "block-switching/motion_changeyby": "y 改變",
    "block-switching/motion_setx": "x 設為",
    "block-switching/motion_sety": "y 設為",
    "block-switching/motion_turnleft": "左轉",
    "block-switching/motion_turnright": "右轉",
    "block-switching/motion_xposition": "x  座標",
    "block-switching/motion_yposition": "y 座標",
    "block-switching/music_changeTempo": "演奏速度改變",
    "block-switching/music_setTempo": "演奏速度設為",
    "block-switching/operator_and": "且",
    "block-switching/operator_mod": "取餘數",
    "block-switching/operator_or": "或",
    "block-switching/pen_changePenColorParamBy": "參數改變",
    "block-switching/pen_changePenHueBy": "顏色改變",
    "block-switching/pen_changePenShadeBy": "陰影改變",
    "block-switching/pen_changePenSizeBy": "筆跡寬度改變",
    "block-switching/pen_penDown": "下筆",
    "block-switching/pen_penUp": "停筆",
    "block-switching/pen_setPenColorParamTo": "參數設為",
    "block-switching/pen_setPenHueToNumber": "顏色設為",
    "block-switching/pen_setPenShadeToNumber": "陰影設為",
    "block-switching/pen_setPenSizeTo": "筆跡寬度設為",
    "block-switching/sensing_mousex": "鼠標的 x",
    "block-switching/sensing_mousey": "鼠標的 y",
    "block-switching/sound_changeeffectby": "聲音效果改變",
    "block-switching/sound_changevolumeby": "音量改變",
    "block-switching/sound_play": "播放音效",
    "block-switching/sound_playuntildone": "播放音效直到結束",
    "block-switching/sound_seteffectto": "聲音效果設為",
    "block-switching/sound_setvolumeto": "音量設為",
    "blocks2image/error_blocks_not_added": "添加積木到編輯區！",
    "blocks2image/export_all_to_PNG": "匯出全部積木成 PNG 圖像",
    "blocks2image/export_all_to_SVG": "匯出全部積木成 SVG 圖像",
    "blocks2image/export_selected_to_PNG": "匯出積木成 PNG 圖像",
    "blocks2image/export_selected_to_SVG": "匯出積木成 SVG 圖像",
    "editor-extra-keys/enter-key": "Enter",
    "move-to-top-bottom/bottom": "移至最下面",
    "move-to-top-bottom/top": "移至最上面",
    "rename-broadcasts/RENAME_BROADCAST": "重新命名訊息",
    "rename-broadcasts/RENAME_BROADCAST_MODAL_TITLE": "重新命名訊息",
    "rename-broadcasts/RENAME_BROADCAST_TITLE": "將所有“{name}”消息重命名為：",
    "swap-local-global/cant-convert-cloud": "無法轉換，雲端變數不能被轉換成「僅適用當前角色」。",
    "swap-local-global/cant-convert-conflict": "無法轉換，因為會和其它角色中相同名稱的變數衝突：{sprites}",
    "swap-local-global/cant-convert-stage": "舞台不能有「僅適用當前角色」的變數。",
    "swap-local-global/cant-convert-to-local": "無法轉換，因為有其它角色也在使用這個變數：{sprites}",
    "swap-local-global/cant-convert-used-elsewhere": "無法轉換，因為有另一個角色也在使用這個變數：{sprite}",
    "swap-local-global/edit": "編輯屬性：",
    "swap-local-global/edit-list-header": "編輯清單",
    "swap-local-global/edit-list-option": "編輯清單",
    "swap-local-global/edit-variable-header": "編輯變數",
    "swap-local-global/edit-variable-option": "編輯變數",
    "swap-local-global/to-global": "轉換成「適用於所有角色」",
    "swap-local-global/to-local": "轉換成「僅適用當前角色」",
    "hide-stage/hide-stage": "隱藏舞台"
}